ansin,bíonn,síos,hÉireann
gceist,teanga,leabhar,léi
gach,seisean,ní,cé
níor,uile,bhaile,b'fhéidir
lámh,bean,gceist,as
cad,rá,lámh,ná
lá,díreach,chuir,thar
thar,go,bhaint,muid
chuir,éigin,dhuine,ach
nár,ina,bhaile,bíonn
tháinig,gurb,átha,bhíonn
san,uirthi,seán,ní
chun,muid,bliain,arsa
chaith,réir,ar,duine
tháinig,siúd,amháin,atá
beidh,fhios,cheann,den
gceist,rá,saol,níl
chéad,mór,chuid,na
idir,uaidh,orm,inniu
dhéanamh,leithéid,ab,fháil
den,leabhar,le,ar
fhios,tú,ábhar,féidir
roimh,b'fhéidir,tar,den
ábhar,istigh,tháinig,bhain
fáil,déanta,átha,oiread
dar,tú,tríd,dhiaidh
na,cuid,tharla,ó
linn,bheadh,i,mbeadh
aon,uirthi,liom,lá
idir,bharr,air,méid
má,iarraidh,ó,lae
éigin,lán,beag,obair
ndiaidh,níos,gur,ndóigh
baint,tír,lán,atá
dhiaidh,gur,suas,tír
í,alt,beag,arsa
fada,bhean,féidir,bhaint
lámh,rá,freisin,ba
go,cúpla,uaidh,liom
oiread,bheadh,eile,baile
nuair,beag,caint,bith
baile,in,leabhar,go
mo,más,alt,léir
déanamh,idir,go,fad
má,thar,idir,mbaile
uile,ceart,léir,beag
chuige,nua,deir,beag
cinn,do,lámh,agat
ndiaidh,fíor,ba,tíre
uile,cúpla,go,ach
bhliain,méid,bean,leat
leithéid,aige,mó,teanga
chuige,bharr,nach,cad
Gaeilge,í,fad,orm
níl,de,aon,arsa
dar,mé,don,ndiaidh
riamh,aige,agat,nua
Éirinn,méid,thart,Gaeltachta
ábhar,bhaile,láthair,rá
fearr,ábhar,le,air
gach,siúd,leor,oibre
sé,nár,mó,muid
duine,sásta,mo,an
di,amháin,gan,suas
dhéanamh,alt,siar,déanamh
tí,isteach,bhliain,gcuid
roimhe,ní,bhíodh,roinn
isteach,dé,mo,seisean
cuireadh,lch.,lán,tíre
léir,agam,saol,dhéanamh
acu,thaobh,eile,déanta
don,dá,céanna,nuair
agus,anois,uair,eile
leanas,muid,isteach,chuir
mbeadh,chur,le,ní
eile,dhaoine,ann,timpeall
thart,leabhar,freisin,cuireadh
di,ár,baile,dara
súil,nó,fuair,dhéanamh
roimhe,muid,bliana,lá
ábhar,linn,í,déanta
leor,í,chur,bheidh
fear,dé,dhéanamh,feadh
arsa,lena,minic,bhí
faoi,minic,sásta,acu
mbeidh,tíre,nó,níos
cinn,níor,dhuine,léi
amháin,ár,muid,gurb
siar,inniu,thug,anuas
mbeadh,léir,leat,mór
bhfad,leor,am,fada
éigin,siúl,mé,bhíonn
scoil,amuigh,mór,nós
tá,mórán,leanas,dar
de,bhaint,amach,daoine
ansin,leabhar,hÉireann,mhaith
liom,trí,beag,deireadh
mbaile,beag,nár,leat
céanna,tíre,chaith,liom
chun,ea,deir,mise
do,bhean,beag,ansin
dúirt,mó,sna,leis
mó,cinnte,tharla,gurb
roimh,leanas,dhuine,fearr
ort,dúirt,oiread,méid
amach,daoine,nach,cuid
oíche,lán,seán,mac
orthu,bhfuil,chun,láthair
sásta,maith,sí,iarraidh
fháil,rá,orthu,cuid
áirithe,dhaoine,ag,fáil
bhfuil,ábhar,tar,deireadh
mbíonn,súil,rud,ndiaidh
roimhe,féin,fós,faoin
cúpla,riamh,bheadh,cur
lae,lena,Éirinn,ag
roimhe,orm,fearr,fuair
fós,gceist,deireadh,alt
dhaoine,deireadh,teanga,ábhar
mór,linn,os,lae
daoine,tí,bhfad,bheith
teacht,dhuine,rith,bliana
tar,le,eolas,ar
uile,uisce,bliain,leat
chuid,bith,níor,cuireadh
eolas,mbíonn,bharr,leith
duine,is,thart,le
orm,teanga,Éirinn,alt
mórán,aige,nár,éigin
beidh,teanga,chuige,leis
á,de,nuair,nár
ba,níor,gcuid,sa
cheana,gach,síos,daoine
bhfad,cé,rialtas,ndóigh
linn,mo,mbeadh,oibre
mór,agus,lena,thug
dar,tá,anuas,sa
ais,baint,nó,liom
céard,leithéid,Ghaeilge,thar
Gaeilge,más,déanamh,mhór
mac,freisin,thug,ní
ár,raibh,Irish,saol
aige,déanamh,gach,leis
caite,faoi,arsa,bhí
lena,uair,lá,cheart
chuid,chuir,timpeall,thart
caint,beidh,rá,againn
bhain,lch.,cheart,dó
leis,roinnt,na,gan
cén,againn,bhain,fearr
céard,áit,arsa,caite
Irish,istigh,sin,tharla
ab,cuireadh,orthu,fháil
tír,fiú,chuig,ár
seisean,léir,orm,thabhairt
cúpla,ansin,isteach,fáil
fíor,atá,caite,tharla
gcónaí,teach,uair,tar
gan,déanamh,sí,gcuid
bliain,go,roimh,ainm
díreach,méid,bhíonn,sa
bheidh,riamh,á,i
as,mac,tháinig,de
anois,scoil,cliath,amuigh
éigin,den,fad,céanna
dul,nach,bhfad,bhean
cé,roimh,uirthi,siad
súil,nach,lá,bhain
chuaigh,thart,don,nach
dó,scéal,eile,seo
minic,oibre,dhéanamh,sna
mbíonn,bhaint,uair,fáil
deireadh,amháin,shin,iarraidh
anois,cad,fós,mac
í,bíonn,ba,fada
duit,feadh,roinnt,tú
lucht,bhaile,iad,fearr
dhuine,cén,ais,uile
bhaint,sí,idir,sin
seisean,bhí,am,maith
roimh,tí,oibre,fíor
don,ábhar,tháinig,uaidh
mé,den,tír,seán
chomh,roinnt,gurb,fad
chomh,féin,lár,bliana
bhain,Éirinn,dhiaidh,sé
fíor,ab,arsa,saol
ár,éigin,úsáid,ab
ábhar,ceart,dhiaidh,liom
chuid,bhíodh,teacht,ndóigh
bheadh,de,deir,leanas
bliain,i,leanas,chuir
thaobh,taobh,féin,gur
dul,sásta,hÉireann,áirithe
féin,is,agam,lámh
fear,uí,na,ort
i,dó,nó,uile
iarraidh,cur,bhfad,anuas
scoil,mó,caint,má
lá,beidh,hÉireann,ansin
iarraidh,dúirt,chéile,agat
rinne,riamh,baile,am
tar,amháin,mise,dtí
amuigh,ár,leabhar,alt
níor,ort,cheart,os
de,réir,áirithe,uile
bhíodh,fháil,dtí,mór
daoine,taobh,réir,don
uí,agus,siar,don
déanamh,Gaeilge,orm,fuair
obair,nár,rinne,fáil
lucht,seisean,leith,céanna
dara,beidh,thaobh,siúl
céanna,in,iarraidh,tháinig
déanta,leat,tí,lár
mo,sna,thaobh,chuig
ar,éigin,fíor,níl
caite,chuaigh,roinnt,fháil
bhíonn,átha,díreach,léir
obair,cinn,freisin,aon
ina,sin,trí,leat
obair,arsa,seán,dtí
anois,roimh,siad,uair
mhaith,mo,raibh,nua
alt,tír,bhain,bhean
bith,réir,lucht,feadh
le,linn,amach,cheann
féidir,ach,arsa,í
cheart,den,anseo,ní
bhfad,ábhar,mhaith,baile
dóibh,ais,air,san
sásta,dara,baile,uirthi
bliana,cinnte,nuair,uisce
seo,uí,fíor,Gaeilge
agam,leithéid,nach,oiread
cliath,uile,seán,roimh
sa,sna,muid,teacht
méid,ceart,leanas,siúd
tír,de,ab,raibh
mbíonn,uisce,siúl,ab
tar,dara,céard,taobh
orthu,uirthi,rinne,aige
lán,agam,níl,don
dá,iad,anseo,teach
mo,leanas,bheadh,shin
cheann,siad,bheith,shin
uile,gach,arís,den
b'fhéidir,dúinn,rud,deir
níos,go,riamh,siad
éigin,thabhairt,sásta,istigh
bhean,léir,sé,beidh
dóibh,aige,é,seán
oiread,tú,measc,sásta
ba,ansin,de,é
shin,amach,mise,aon
air,bith,aon,ceart
áit,uile,mórán,is
gurb,mo,tháinig,deir
bhean,den,réir,lae
Irish,leabhar,ar,níos
de,thaobh,bliana,beidh
teacht,aon,ndóigh,bhain
mór,cad,mbaile,fad
rith,i,céanna,dúirt
mise,átha,dom,ann
lár,tí,gur,duine
céanna,mhaith,i,anseo
den,chuig,cúpla,ab
riamh,mac,ar,leis
caite,cheart,leo,scéal
mbaile,ort,mbíonn,súil
riamh,di,nár,thaobh
mac,os,bheidh,ndóigh
sé,ní,inniu,chéile
í,bheith,chuig,tú
as,chéile,léir,inniu
dóibh,cinn,ná,dar
ansin,é,dul,mbeidh
chuid,inniu,roinn,ann
ndiaidh,leithéid,rá,mé
ann,sásta,mise,déanamh
isteach,ábhar,ansin,ainm
minic,dó,maidir,thabhairt
síos,thart,nuair,mac
thabhairt,rud,sásta,beidh
bíonn,ar,as,sna
leanas,shin,air,déanta
tú,faoin,thart,dhá
sé,mórán,scéal,chun
dhuine,ansin,againn,b'fhéidir
dhiaidh,ceart,roinnt,bhfuil
sna,lucht,ábhar,freisin
chuig,measc,leis,é
duit,bheith,bhain,dtí
ag,i,dúirt,taobh
freisin,fós,tháinig,tú
roinn,cinn,mór,agat
as,bhaint,rith,isteach
siar,chuaigh,Gaeltachta,chuid
gcónaí,seo,Ghaeilge,fad
sin,eolas,bhain,bhaile
idir,amach,cinnte,agus
de,ábhar,sásta,mbaile
den,alt,duine,in
í,liom,ar,siúd
déanamh,lae,fiú,éigin
is,ba,nach,gceist
scéal,bith,réir,cheana
mise,ndóigh,féin,mbeadh
ann,fada,riamh,scoil
chuig,iad,láthair,orm
cinnte,nua,leith,ní
aon,bhaint,ndiaidh,leith
orm,chuid,tar,Ghaeilge
ort,sin,duit,aghaidh
duine,freisin,léi,leor
scríobh,Irish,feadh,bliana
de,bíonn,duine,chéad
ann,hÉireann,sna,ndiaidh
taobh,in,freisin,thaobh
níl,orm,bean,orthu
más,mó,lucht,tír
bharr,léi,nár,leor
féin,lena,san,ón
rinne,mac,lch.,minic
ndiaidh,uair,cúpla,cinnte
roinn,tír,agam,cliath
mé,tá,rud,arsa
cuireadh,roimhe,mar,mhór
ní,caite,iad,siad
shin,sin,bhean,bliain
os,na,obair,fada
tír,bhain,orthu,lámh
chaith,le,iad,rud
scéal,mbaile,leithéid,maith
rith,dé,tar,ndiaidh
arís,sí,dúinn,thar
iad,dhuine,tar,uisce
cuireadh,dhéanamh,cúpla,ab
ach,céard,seisean,orthu
thar,faoi,bheith,rinne
dul,bhain,bhfuil,fada
ais,léi,tír,cinnte
beidh,ach,rith,cheana
ábhar,Ghaeilge,cheart,oíche
teanga,trí,sé,iad
déanamh,os,Éirinn,dom
gceist,anois,láthair,ach
oiread,anseo,arís,deireadh
dhéanamh,bheadh,bliain,hÉireann
nua,ndóigh,sin,níos
na,céard,siad,fada
céard,dul,dúirt,minic
má,ndiaidh,roinnt,eile
ná,ba,eolas,Irish
é,nós,dúirt,ag
freisin,cad,dúinn,an
rud,sásta,dom,lucht
aige,chéad,mé,linn
sa,cé,idir,nuair
in,lch.,céanna,fíor
duit,dhéanamh,beag,cúpla
Éirinn,ann,uirthi,agus
teanga,chomh,i,ag
aige,bheadh,bíonn,bith
lae,ais,duine,againn
éigin,tar,linn,tharla
leanas,lár,do,den
fáil,cliath,bheith,le
teacht,maith,chaith,do
féin,chuir,na,ar
leanas,as,is,taobh
iarraidh,uile,éis,mbaile
chuig,dé,dhaoine,teach
maith,ábhar,bíonn,tá
ar,mbíonn,linn,ea
uí,agam,chuig,nach
rialtas,óg,fhios,duit
anuas,chuig,deir,ón
ceart,mhór,agam,bean
úsáid,le,nár,aici
liom,chuaigh,siúd,bharr
sin,b'fhéidir,bhfuil,ina
fíor,raibh,chun,níor
gurb,roimhe,maith,le
aige,fíor,den,fáil
dóibh,uisce,nua,éis
cheart,ach,óg,baint
ná,cliath,fhios,áirithe
agus,oíche,amháin,gurb
deir,faoi,mbeidh,an
ba,fada,chur,ní
inniu,ag,rith,teach
mórán,tháinig,roinn,dom
maith,lena,Gaeilge,ón
duit,alt,bhfad,tú
liom,oíche,átha,síos
Gaeilge,chur,mó,mhór
ár,bith,anois,óg
rith,siar,dhuine,ar
ábhar,gcuid,an,éigin
gan,Irish,éigin,lá
trí,mise,tíre,áirithe
seán,cuid,trí,uaidh
éis,againn,dtí,leor
ní,dó,orm,le
chéad,leith,baile,déanta
eile,fear,tíre,é
ort,tí,saol,cliath
gan,déanamh,b'fhéidir,cuid
cur,bhaint,oíche,dhuine
dhuine,na,teanga,seán
do,bhíodh,deireadh,fhios
mbeadh,caite,dom,bhliain
bliain,ceann,thar,b'fhéidir
chur,timpeall,maith,uirthi
baint,fearr,anois,ná
fiú,gan,mise,láthair
dul,thar,fada,déanta
dhiaidh,ab,faoi,sé
féin,lch.,áirithe,ann
os,do,mise,bhliain
anuas,inniu,uair,mise
sé,é,cheart,éis
tí,rud,leis,orthu
bhliain,nós,bhean,oibre
duine,ea,taobh,tú
i,chun,raibh,gach
bhfuil,siar,mór,timpeall
cuireadh,féidir,cuid,thabhairt
ceann,gan,ón,dóibh
bíonn,ea,bhfuil,bhain
chéad,amuigh,nuair,dhiaidh
féin,deireadh,síos,cinn
roinn,mhór,ceann,bheadh
chaith,tíre,áit,chun
baile,rith,fiú,chomh
fear,léi,as,díreach
lár,féin,átha,mó
leanas,chuid,tú,cé
roinnt,mórán,baint,anuas
cén,fear,tríd,níor
tír,chéile,níos,mac
chuig,cur,síos,féin
baile,duit,go,cuireadh
arís,thug,gceist,aici
dhiaidh,chuig,níos,roimh
lae,bhíonn,bhíodh,de
áirithe,seán,scéal,bean
thug,anois,éis,tíre
ndóigh,ábhar,tí,bhíonn
di,ina,dúirt,roinn
ba,istigh,lár,dom
amach,Gaeilge,deireadh,más
uile,fada,bhaint,oiread
ndiaidh,más,Gaeltachta,arsa
air,tú,tríd,eile
beag,fhios,liom,mbeadh
linn,tharla,leor,hÉireann
air,le,dá,bean
gceist,á,roinn,siar
aici,rith,riamh,rialtas
dé,leo,liom,lámh
riamh,ceann,le,mbíonn
na,chuig,léir,roimhe
tí,trí,léir,éigin
oiread,amuigh,lá,mbeadh
éis,ann,Gaeilge,ba
cur,bheith,beidh,nach
scéal,duine,orthu,aici
cheana,siad,cliath,gur
chuige,shin,orm,fhios
fiú,chéad,mbeidh,agam
liom,nach,baint,óg
cúpla,nós,rialtas,lae
dara,mo,sna,amach
le,gan,méid,níos
dara,Irish,lch.,gurb
b'fhéidir,siúl,dar,sásta
cad,sásta,lán,shin
in,anuas,chur,dé
úsáid,dó,raibh,in
chun,cúpla,chéad,scéal
bliain,san,uair,ó
acu,amach,don,di
ní,chuig,ais,teach
uí,ba,siar,sa
ach,ndiaidh,chomh,aici
go,nó,linn,nár
baint,san,shin,eile
cinn,gach,fháil,óg
fuair,idir,rud,chuige
istigh,cur,cinnte,iad
is,sí,sé,lena
lár,ina,fós,san
minic,leithéid,dhéanamh,orm
níl,freisin,measc,roinnt
siúd,chur,rud,déanamh
oibre,lán,lucht,mo
mhór,leat,méid,bhean
roimhe,úsáid,cheana,anseo
inniu,uí,tí,linn
bhí,seán,mórán,déanamh
súil,rith,mo,dar
ag,aici,chuid,uirthi
méid,le,tíre,suas
fhios,chéad,nua,tí
átha,ár,siúl,áit
ceann,deir,ansin,thar
gurb,linn,idir,mac
rinne,do,dhéanamh,acu
léir,i,fhios,alt
dúirt,cuid,chéad,sásta
saol,cheann,cinnte,tí
dhéanamh,oiread,dara,b'fhéidir
réir,dhiaidh,rud,bhí
againn,dhaoine,fada,bhaint
Ghaeilge,seo,aici,sásta
leo,níor,inniu,agat
amuigh,níor,gcónaí,iarraidh
feadh,anuas,tharla,chomh
mór,fiú,tír,ann
cheana,dá,lán,caite
siúd,tá,chuig,measc
duine,deir,scríobh,bheadh
átha,mbíonn,daoine,dóibh
agus,gur,céanna,leo
tharla,bhaile,bhaint,mac
anseo,rialtas,mbaile,fad
dóibh,dhaoine,thaobh,mhaith
fhios,amuigh,feadh,uirthi
ón,ceann,tí,lár
tá,níos,faoi,bhíonn
seisean,má,timpeall,ansin
ansin,leithéid,dul,mbíonn
dúirt,lae,tá,i
dúirt,mé,ina,sé
dó,uisce,áit,leabhar
nuair,lán,dhéanamh,anuas
raibh,ní,aici,fuair
lámh,chuig,Gaeilge,bheadh
fós,ábhar,átha,baint
shin,chur,dom,uaidh
i,idir,chomh,agam
gan,iad,tar,tí
muid,dúirt,caint,bhíonn
tí,gceist,ansin,ina
b'fhéidir,mbeadh,bhíodh,gcónaí
agam,chéile,cliath,di
oiread,mbíonn,bhí,b'fhéidir
fuair,rinne,eolas,lena
átha,sna,mbaile,Gaeilge
sna,fiú,mhaith,nó
siúl,ab,chéad,raibh
obair,fhios,leor,nach
fhios,tí,chuaigh,air
caint,tríd,tharla,féidir
á,lucht,sa,am
orthu,bliain,tír,féidir
atá,ann,mbeidh,lch.
an,fearr,ár,ais
is,teach,rith,rud
céard,hÉireann,dhaoine,léi
maith,leat,rinne,bheith
gcuid,fad,thug,deireadh
tú,cén,oiread,bhaile
taobh,thart,ar,ina
lá,láthair,baint,fháil
an,díreach,leithéid,fear
siar,air,agat,mbeadh
uisce,bíonn,amuigh,mbeadh
agam,gcuid,uaidh,dúirt
díreach,mó,muid,acu
dá,againn,bharr,ndóigh
bhaile,mbeidh,déanamh,arís
bean,átha,arís,féin
siúl,bhaile,liom,bheidh
bhfad,sin,gceist,lár
deir,cheana,bhaile,tríd
méid,fáil,úsáid,anois
agus,an,céard,scríobh
bheith,uaidh,eile,uí
sna,bhaile,amach,acu
féidir,saol,í,cliath
sásta,teach,cinnte,chomh
baint,istigh,faoin,tríd
láthair,an,bíonn,freisin
dhá,measc,shin,sin
mar,iad,leor,chuig
cheart,nós,taobh,roinn
iarraidh,thabhairt,roimhe,roinn
rith,úsáid,suas,dhiaidh
nuair,ná,do,leis
den,tháinig,siúd,chuaigh
thabhairt,mise,éigin,ná
duine,arsa,rud,caite
mbíonn,dá,ábhar,súil
obair,anois,i,thaobh
sí,láthair,í,gceist
ort,cé,fuair,fáil
roinn,suas,amháin,chuaigh
chéile,rá,chuir,raibh
sásta,gan,mhór,scéal
Éirinn,ndiaidh,ansin,uaidh
nua,ina,dhuine,orthu
taobh,dó,sna,siar
seo,gurb,leis,seisean
an,arís,lae,bliain
feadh,bhaile,aon,fíor
deir,agus,dhuine,oibre
thabhairt,deir,shin,chuige
sna,dúirt,mhaith,nua
i,dé,dó,deir
bharr,áit,leis,cinn
agat,arís,mise,fiú
os,muid,fháil,dúirt
ab,den,níos,uile
átha,chuir,níl,dhiaidh
dhá,ar,bhíonn,fíor
leithéid,deireadh,dhiaidh,beidh
bhean,dar,á,dó
aige,an,roinnt,leor
bheadh,dhá,orthu,ndóigh
hÉireann,seo,lch.,uisce
dé,cén,más,thug
dá,agus,ár,trí
cliath,chuaigh,agat,cé
uirthi,faoin,anuas,eolas
mise,ná,di,lucht
chéad,duit,ón,ansin
di,bhfuil,níl,súil
seo,raibh,ndiaidh,lucht
orthu,bhíodh,ea,ndiaidh
déanamh,ais,don,saol
chuid,alt,tar,chuaigh
fiú,tar,cur,cinn
é,bliain,mór,rá
siúd,cliath,oibre,shin
ndóigh,dhaoine,fós,faoin
réir,caint,chaith,lámh
bhaile,rinne,agat,beag
ann,air,liom,agam
cliath,thar,chun,ach
thar,obair,é,don
bhain,in,dóibh,anseo
hÉireann,leithéid,scoil,leanas
í,Gaeilge,ó,tú
díreach,á,chuir,ainm
dhiaidh,dá,níor,léir
timpeall,deireadh,cinnte,leat
tú,níor,cheart,dó
faoi,fiú,ab,leis
tá,lár,díreach,bheadh
cad,air,maidir,céard
fear,lá,í,lámh
dara,céanna,lucht,thug
dóibh,réir,oíche,mac
níl,réir,beag,oiread
leo,os,nár,lámh
éis,thart,aon,maidir
deireadh,mac,mo,dé
tar,bhíonn,cliath,bhíodh
dhéanamh,gurb,gceist,de
fearr,chuid,deir,más
bheith,féin,bhain,sna
muid,linn,gach,cuid
chaith,i,má,bhfad
tá,sé,rá,Gaeltachta
bhean,hÉireann,ag,trí
faoi,cúpla,aige,leo
cur,seán,bean,bhí
an,in,inniu,bhí
chéad,bhain,aige,chun
ár,tí,maith,réir
é,láthair,dhuine,ábhar
tú,gur,caite,cuid
tháinig,bhaile,do,i
iad,maith,tá,mórán
teanga,alt,éigin,minic
thabhairt,roimh,caite,níor
ba,ó,bhaile,de
cuireadh,tar,inniu,bliain
bheidh,léir,linn,baile
anuas,timpeall,dúirt,leabhar
mbeadh,rud,nua,dom
trí,cad,cheann,dtí
lá,gach,déanta,le
freisin,níor,isteach,sé
dul,de,mhaith,tú
tír,cuid,liom,chur
thaobh,roinn,ní,rith
as,ansin,maith,chéile
dá,aon,mórán,dul
idir,iarraidh,chun,dtí
láthair,deireadh,fíor,ach
dé,leithéid,fiú,tháinig
bliain,ndóigh,acu,fháil
faoi,cuireadh,leith,ábhar
óg,cheart,ea,rud
ceart,déanamh,tríd,aici
maidir,lucht,léi,má
thaobh,chaith,leis,dúirt
tríd,dhiaidh,siúl,chuige
chuige,fós,lán,níor
átha,féidir,gur,teach
chaith,agat,isteach,Ghaeilge
dara,dhaoine,thabhairt,i
chur,seán,maith,mbeadh
sásta,mise,aghaidh,ach
timpeall,oibre,déanamh,nár
seo,liom,á,obair
bheidh,áirithe,leo,mbeadh
chéad,caint,arsa,í
ceann,féidir,uí,chuid
ina,cinn,láthair,cúpla
duine,siúd,ndiaidh,measc
ábhar,i,mbíonn,chomh
againn,teach,gan,dhuine
baint,deir,dhá,hÉireann
súil,sa,ná,nuair
don,cinnte,nuair,ach
nó,tíre,faoi,lámh
bhaint,siúd,suas,gceist
bhfuil,ceann,chuig,anseo
duit,aghaidh,caint,fíor
céard,sásta,seán,oíche
baile,cheart,le,mhór
féin,dom,chéad,eile
chuid,roinn,dhéanamh,cad
eile,roimh,gurb,do
bhí,sa,timpeall,ár
scríobh,duine,maidir,siar
lch.,os,méid,tír
cuireadh,sna,fad,bean
bhean,uí,aige,Éirinn
fós,seo,idir,dhá
lá,inniu,saol,dhuine
mbeidh,fad,ná,bhain
anois,tír,dul,fuair
don,léi,amuigh,ab
linn,den,bhí,amuigh
tíre,dhéanamh,measc,díreach
chuaigh,nach,cé,fear
nach,lán,cuireadh,uisce
orthu,dom,chuir,nár
cheart,lena,thug,tar
faoin,bhí,tú,bheidh
anuas,ná,amach,gach
lár,lá,fiú,ceart
chun,linn,siúl,amuigh
thabhairt,óg,obair,dtí
tríd,de,nár,eolas
lár,cinn,timpeall,teanga
Gaeltachta,úsáid,chuid,bhliain
átha,thug,bhíodh,dóibh
mo,thug,leor,dara
duine,rá,seisean,tír
scoil,i,bhí,ndóigh
chéile,nár,feadh,tíre
ainm,inniu,uair,beidh
am,lámh,baile,oibre
cad,dóibh,tí,cinnte
leith,trí,faoi,beidh
dúinn,ab,bliana,céard
leanas,bhaint,déanamh,amháin
rinne,idir,sna,maith
gceist,dhá,chuige,aige
inniu,níl,dó,teach
bhaile,an,shin,caite
bhí,sna,roimhe,shin
thar,iarraidh,maidir,dara
ina,lán,léi,bheith
faoin,éis,díreach,fear
leanas,rialtas,maith,déanamh
air,cuireadh,dara,ndiaidh
fear,bliain,measc,scéal
uí,bhíodh,dhaoine,faoi
bheadh,más,bheidh,bhean
mbaile,fáil,alt,tír
duine,roimhe,dar,Ghaeilge
scríobh,aghaidh,bheith,Gaeilge
dtí,rá,cuireadh,leo
mbeidh,sé,mó,ea
úsáid,bhean,tíre,déanamh
timpeall,ceart,cé,lár
ea,leith,lucht,arsa
maidir,roinn,roimhe,mbíonn
dhiaidh,nuair,tír,seo
muid,thabhairt,timpeall,fear
dúirt,san,bhíonn,í
mhaith,cén,rá,leanas
dúirt,beag,le,é
ba,ábhar,nua,ó
linn,rud,gcónaí,lár
anois,bliana,oiread,gcuid
chéile,maith,iad,siad
fiú,bhíonn,seo,lucht
Gaeilge,cén,am,anois
cuid,ea,inniu,fiú
í,ann,lár,bhfad
na,teacht,mise,ceart
ag,de,gcuid,féidir
mbeadh,sin,aici,roimhe
bhaint,deir,thabhairt,den
cúpla,nach,liom,caite
seisean,deir,ná,oibre
cheann,cad,dhaoine,Irish
tú,anseo,leabhar,b'fhéidir
i,méid,ort,mac
ba,b'fhéidir,linn,rialtas
lámh,mhaith,beidh,amuigh
baile,tríd,b'fhéidir,thart
fáil,rith,mórán,feadh
chuig,díreach,chuir,féidir
más,agus,fiú,siad
Gaeilge,fiú,hÉireann,tú
ceart,bhíonn,níl,eile
dtí,éis,bhfuil,leat
aon,faoin,cliath,chun
gur,rud,Ghaeilge,ní
chuir,oiread,chuig,caint
ní,scríobh,timpeall,bhaint
gur,dhaoine,leis,gceist
dar,fíor,gan,duine
Gaeilge,léir,bhaile,rinne
lá,ais,uirthi,caint
mbeidh,uile,seo,bíonn
Gaeilge,amach,uí,iad
san,in,cheann,níos
Gaeltachta,mise,faoi,amháin
rá,léi,síos,leo
Ghaeilge,céanna,am,uí
baile,as,cinn,tar
Irish,ba,dhéanamh,áirithe
ach,bith,áirithe,siúl
tí,am,lá,nós
chéad,agat,dom,le
isteach,caite,ort,méid
céanna,bhaile,istigh,dúinn
é,freisin,á,gan
leithéid,mbaile,siúl,bhaint
siar,dara,roimh,taobh
maith,shin,Éirinn,ndiaidh
inniu,chéad,shin,uirthi
dó,in,hÉireann,bheith
eile,in,anuas,ainm
mór,dhéanamh,baint,ó
ó,caint,don,ceart
anuas,shin,tríd,mhór
chéile,mbíonn,ais,Gaeilge
iad,ort,cheart,liom
chuir,sí,fíor,chuaigh
leanas,chur,bíonn,chun
isteach,déanta,ndóigh,éigin
roinnt,mórán,lucht,sásta
shin,bíonn,bhain,uair
lch.,timpeall,gan,uaidh
ón,thabhairt,measc,aon
maidir,an,anseo,tír
léi,an,duine,gan
gcónaí,nua,gceist,tú
cén,saol,leat,sí
mac,thabhairt,chuig,cén
thar,deireadh,na,thart
os,aon,agam,fíor
uair,méid,ó,seisean
éigin,sé,ar,roimh
dtí,le,cén,rinne
bliana,dhá,thaobh,leabhar
gur,linn,sásta,deir
an,ais,os,cinnte
is,beidh,bhíonn,chuige
ár,gceist,atá,daoine
shin,mo,éigin,do
thar,bhliain,dá,an
oíche,dóibh,amuigh,bhfad
réir,is,gurb,lá
méid,sin,é,leor
fear,saol,cé,dhuine
chuige,nó,fear,den
teach,féin,ndóigh,gur
déanamh,oibre,siúl,raibh
chaith,mó,lucht,anuas
deir,léi,ábhar,aghaidh
cúpla,á,fiú,gcónaí
chéad,am,dé,bhíodh
fad,bhain,teach,ina
gurb,Gaeltachta,iad,fíor
sa,uisce,bhíodh,seán
di,thart,deir,caite
á,fuair,ann,leor
ag,againn,níos,os
uair,alt,fearr,ag
baint,mé,thart,dúinn
duit,lucht,átha,fear
nuair,baint,rialtas,dá
tír,thabhairt,mac,aon
bhaint,fíor,bhliain,as
aici,tír,is,lán
mór,eile,scríobh,fhios
Gaeilge,léi,ndiaidh,taobh
mar,léir,bliana,ann
alt,as,liom,go
ach,aghaidh,eolas,bhí
ceart,chuige,ainm,di
riamh,dúinn,fearr,láthair
leis,cuireadh,bíonn,mé
áit,tíre,óg,san
daoine,roimh,áit,chuaigh
cad,oibre,cur,bhean
gur,bhaint,roinnt,dara
bhean,leat,aghaidh,faoi
cad,ár,siúd,eile
lucht,gur,mbaile,dé
dul,fíor,nár,arís
don,orm,déanamh,mbeadh
air,í,Éirinn,scoil
scéal,mar,isteach,mbeidh
rialtas,atá,bith,isteach
ansin,leat,shin,duine
lán,aige,ea,scoil
cúpla,thart,teanga,lá
dé,bhain,in,ár
fada,dhuine,na,mbeadh
seisean,dúirt,ann,sa
díreach,ceart,thug,amach
trí,muid,bhain,cur
timpeall,tharla,ár,más
gur,mórán,fear,sé
átha,is,lán,go
riamh,ceann,uaidh,daoine
teacht,ina,scríobh,sin
mór,don,bliana,baile
níor,ceart,léir,siúd
ón,thart,iarraidh,dúirt
ceann,bheidh,acu,tíre
siúd,siar,leith,tí
chuid,againn,dhiaidh,inniu
leanas,úsáid,cur,ceart
thar,bhíodh,saol,iad
tríd,tíre,as,ndiaidh
nua,thaobh,uile,saol
díreach,dhiaidh,oíche,leabhar
aon,leithéid,maidir,againn
bean,más,dé,nua
dúinn,bheith,thar,ábhar
hÉireann,féidir,don,fíor
deir,leanas,dhaoine,gur
mise,cheana,ár,arsa
bhíonn,aici,tá,deireadh
beag,riamh,siúl,ais
arís,gcónaí,bhíodh,mar
uair,bhean,uaidh,cúpla
Irish,tá,bliain,cuid
teach,acu,mé,rá
mbíonn,bhean,mbeadh,arsa
den,síos,teanga,lámh
chuir,síos,ón,aghaidh
againn,scéal,deir,tá
acu,láthair,bith,cén
nár,leor,mó,lár
rud,tír,má,leo
mhaith,agam,bhíonn,maidir
eolas,aici,chuige,dúirt
nó,bliain,b'fhéidir,agus
bliana,bhfad,leo,dó
lán,anois,bíonn,trí
cuid,anseo,don,úsáid
aon,fhios,réir,teanga
láthair,eolas,bíonn,nuair
ndiaidh,chuig,as,scoil
féin,bhíodh,á,rud
ní,tháinig,bíonn,uirthi
seo,de,dó,sin
lá,tá,óg,minic
mór,tá,oibre,ceart
leor,bean,agus,thart
mar,minic,lár,chuid
uile,fearr,den,cheana
Gaeilge,muid,roinn,lena
tú,ansin,é,mbeadh
eile,alt,céanna,leithéid
ná,dara,bhain,lán
Ghaeilge,ag,céanna,ina
maidir,mbaile,roinnt,uí
mhór,fear,dhiaidh,chaith
cinnte,leat,le,chun
don,leanas,duine,sé
cad,chaith,cuireadh,bíonn
is,di,faoin,aige
díreach,bhí,tíre,dar
maidir,am,tír,mo
thart,shin,dar,mac
bhain,bhaile,leat,sé
thug,chuaigh,idir,acu
ceart,beag,b'fhéidir,de
ina,nár,bhíonn,úsáid
bhíodh,aon,gach,scéal
cuireadh,fear,ndóigh,mbíonn
uí,atá,ceart,lch.
leor,isteach,fiú,ár
in,tíre,roinn,siad
thabhairt,dúinn,dé,áirithe
éigin,leithéid,maidir,go
tháinig,mbeidh,liom,tá
oibre,orm,di,chaith
lár,nós,amuigh,bhfuil
iad,chéad,siúd,istigh
faoin,bith,arsa,lá
fad,chuaigh,amuigh,thart
tí,teanga,lch.,ansin
ní,féidir,síos,bliain
freisin,siúl,leat,mó
é,baint,más,eile
ar,féin,níos,gcónaí
sásta,atá,siúd,scéal
ceart,fearr,bhíodh,fad
taobh,linn,do,díreach
duine,teanga,baint,ar
bíonn,fiú,léir,i
seo,le,ndóigh,fós
don,cad,úsáid,lena
fíor,bhain,duine,timpeall
dom,bíonn,nuair,uirthi
nár,orm,leithéid,i
hÉireann,shin,déanamh,orm
leith,níos,cheana,alt
dtí,uirthi,fearr,cliath
bith,aige,bheadh,acu
níor,tharla,fearr,é
iarraidh,leithéid,mórán,chuige
tríd,aige,eile,gach
bean,céanna,léi,cinn
freisin,cuid,chéad,amuigh
fíor,dó,don,ar
thart,dhá,agus,obair
duine,cheana,bhfad,Éirinn
áit,bheadh,fós,mé
ó,bíonn,muid,oibre
dó,suas,lán,áit
áirithe,mar,leabhar,againn
shin,fear,ábhar,bhíonn
amháin,bhfuil,inniu,leith
chaith,rá,de,dhuine
dhaoine,mé,chuige,dúirt
duit,caite,sin,gcónaí
sna,baint,gurb,leor
mar,mbeadh,más,lch.
ar,tír,mise,ábhar
Irish,againn,dul,cur
measc,mbíonn,duit,cén
ba,roinnt,trí,leis
orthu,uair,leith,bhíonn
dar,inniu,scríobh,fíor
ar,deir,maidir,ort
chéile,bhí,acu,átha
i,chuir,díreach,bhain
mór,orm,don,lá
fós,mbaile,seán,uisce
siúd,fós,iad,eolas
chur,tír,nua,mé
uair,leanas,níos,cuireadh
ndiaidh,amháin,idir,dar
léi,in,sí,muid
ábhar,mór,cinn,chuige
aghaidh,ndiaidh,lá,rud
mac,más,deireadh,cur
cur,duit,tá,mbíonn
amach,síos,os,beag
caite,ais,scríobh,chun
thart,san,dhiaidh,thug
iarraidh,amach,oibre,am
ort,mbeidh,ár,sin
linn,mbaile,anseo,bíonn
caite,tháinig,bhíodh,Gaeilge
bhaile,ó,teacht,anois
gach,cén,obair,duine
í,eolas,ba,den
leanas,go,ár,ea
roimhe,ndóigh,bliana,fuair
amach,arsa,caite,cúpla
iarraidh,láthair,bhíonn,mo
más,iad,fear,gcuid
fada,ndóigh,chur,agus
lae,níl,tíre,súil
lucht,má,fad,duit
lán,di,scéal,dhéanamh
den,dhéanamh,mbíonn,cliath
duit,déanta,í,cheann
dhá,léir,lucht,bhain
bhfad,chun,díreach,dhá
chuaigh,ea,ndóigh,chomh
dúirt,amuigh,Éirinn,féidir
b'fhéidir,gurb,taobh,faoi
mac,trí,cuid,fada
ceart,de,le,gcuid
ab,éigin,cé,nua
ar,tí,timpeall,cé
amuigh,againn,cé,tháinig
dara,feadh,mo,iarraidh
bhliain,b'fhéidir,in,uí
caite,amháin,chuig,duit
san,ceann,aghaidh,lch.
déanamh,tí,alt,lán
lae,isteach,san,siúd
nó,san,bliana,gcónaí
más,chaith,ar,dhá
bíonn,mac,fad,leith
bíonn,cén,súil,baint
tharla,sa,daoine,dom
nua,bheith,bhean,lucht
chuige,cad,cinn,uaidh
mó,ina,i,saol
bheadh,léi,bliain,mar
bhíodh,fear,de,faoi
bhí,chuaigh,leithéid,chuige
bhain,bliain,bhean,rud
uí,cén,dó,í
léir,atá,á,isteach
fada,céanna,arsa,chéile
mo,ais,ina,sé
aici,acu,atá,réir
os,feadh,leat,caite
gcuid,faoi,bith,minic
siúd,liom,bhaile,thar
céard,inniu,bhfuil,cheana
ábhar,siúl,níos,cén
ó,nua,amháin,dé
ó,os,anseo,chun
céard,má,dúirt,bith
suas,iad,céard,oíche
siúl,gan,í,measc
tháinig,roimh,siar,os
thart,uile,na,liom
óg,teanga,féidir,aige
oiread,muid,go,baile
aige,dá,inniu,gceist
ón,anois,dul,ann
cliath,gcónaí,lch.,agat
cuireadh,thaobh,bhliain,de
rinne,dtí,lch.,san
sí,agat,bliana,áit
as,an,againn,gach
tharla,mhór,chur,ar
gcónaí,bhain,maith,cuireadh
as,mór,nuair,leor
orm,réir,iarraidh,istigh
inniu,rialtas,nó,fháil
mórán,nó,bheidh,tar
uí,aon,gur,bhliain
fhios,feadh,fada,thart
mhór,lá,bliain,acu
san,duit,lámh,cúpla
Irish,gur,baile,siúd
bliana,gur,rinne,sí
dara,dhuine,caint,leat
idir,dhaoine,amach,cuireadh
cuid,gach,sna,beidh
caint,lár,déanamh,mór
chuig,measc,duit,cinn
lena,bhain,úsáid,ceann
atá,chun,istigh,rinne
tír,le,lch.,cliath
ní,ais,ab,gurb
níos,ea,thar,éigin
baint,níos,minic,bith
hÉireann,siad,againn,agat
scríobh,don,chéad,é
cén,mhór,bith,isteach
scríobh,siad,maith,liom
bhíodh,Gaeilge,á,rinne
deireadh,dhiaidh,ba,anuas
gcuid,lán,dtí,áirithe
sí,rith,orm,scéal
ach,mór,baile,bhain
deireadh,beidh,chéad,oíche
os,an,cheart,chuaigh
rith,eolas,gur,fada
seisean,agat,na,roimh
in,faoin,í,roimhe
ceart,dhaoine,againn,aici
bhaint,an,óg,measc
bhíonn,aghaidh,cur,féidir
deir,áirithe,chaith,dúinn
dé,bheadh,minic,do
chéile,in,uile,fíor
aici,raibh,céanna,idir
siúl,chun,dó,beidh
den,bíonn,agat,againn
chéad,dúirt,lán,fearr
dhéanamh,lena,dé,gur
orm,roimhe,cé,scoil
caite,ábhar,ab,ann
beidh,tí,Éirinn,os
átha,thar,dhaoine,aige
méid,obair,os,bhean
díreach,deireadh,Éirinn,mé
air,amháin,lán,san
déanta,cheart,tír,nua
ar,déanamh,leanas,is
bhliain,uaidh,riamh,beag
maith,seisean,leis,leor
b'fhéidir,tríd,arsa,scéal
lán,acu,mbaile,ceart
obair,bliana,léir,inniu
súil,amach,agam,í
cén,roinn,dó,éigin
ó,níos,tá,fuair
an,duine,di,cén
thar,mór,maidir,leor
ar,ábhar,fós,bean
siúl,uaidh,amach,tar
baint,gach,dúirt,cinn
bean,bhaint,í,rá
Ghaeilge,teanga,maith,inniu
faoin,ach,bhí,lámh
cinn,seisean,dó,ach
duine,faoi,rinne,rialtas
fiú,aige,roinnt,duit
air,beidh,faoi,uisce
ag,nós,caint,chuaigh
rud,istigh,níl,eile
bith,siúd,aige,minic
seisean,ón,gurb,maith
cliath,chéile,leith,siad
freisin,ab,gan,mise
éis,eile,féidir,léi
cheana,aici,ab,duit
siúd,liom,tíre,é
thabhairt,bíonn,bhfuil,chuig
anseo,dom,cúpla,suas
dúinn,uí,ndiaidh,uair
mhaith,beidh,ndóigh,tír
féin,gach,lucht,cheann
bhíonn,fada,bhain,eolas
aige,iarraidh,mo,nuair
níos,mbeadh,dom,sé
déanta,rá,gur,duit
beidh,déanta,chuid,réir
scoil,céard,gcónaí,ab
uile,súil,ndóigh,dé
uair,ná,rith,rinne
leat,leabhar,ár,mór
tar,caint,den,ceann
dul,léir,faoi,mbeadh
duit,mbeadh,bheidh,úsáid
chéad,ná,dar,dhuine
na,feadh,chuig,ár
iad,láthair,thug,mór
sa,ag,chuid,fad
in,déanta,ár,anois
ea,mhaith,ach,chuaigh
mbeadh,chéile,tar,dul
rá,fad,bhíonn,scéal
leis,uair,uí,arsa
den,chuid,beag,dé
fad,hÉireann,dar,beidh
roinnt,lena,rith,nós
bhain,isteach,nós,chomh
bíonn,fáil,léi,ag
uisce,éis,bhíodh,mac
lámh,tíre,cad,nua
ná,ais,fad,méid
leanas,nós,roinnt,maidir
am,ach,dom,b'fhéidir
baile,tháinig,taobh,timpeall
Éirinn,atá,daoine,timpeall
aige,thaobh,mó,de
átha,aige,fada,thar
rinne,dhá,leithéid,de
leabhar,síos,aige,mac
obair,agus,rinne,chuaigh
scríobh,seisean,siar,tí
aon,bheidh,iarraidh,uisce
tríd,orthu,éigin,arís
faoi,hÉireann,dul,siúd
bith,ón,níos,ais
mbaile,féin,cinnte,chur
seo,ndiaidh,á,mar
chuaigh,dar,cé,beidh
roimhe,mé,nach,chéile
bhí,bharr,dóibh,as
tú,ach,bean,obair
í,as,ina,siad
más,os,níor,leith
b'fhéidir,sé,lucht,rith
teanga,thaobh,méid,ár
ais,am,chuig,gurb
dhá,san,ab,tú
Gaeilge,uile,chuid,bíonn
ndiaidh,agam,mó,bliain
chuaigh,níl,cliath,teacht
go,úsáid,díreach,orthu
ba,in,di,agat
uirthi,níor,roinn,fháil
chuaigh,bhíodh,chéad,siar
ndóigh,hÉireann,orthu,faoin
le,ceann,lae,istigh
teacht,uí,bheadh,is
dar,bheadh,é,dara
siad,faoin,bhíodh,bhaile
go,dé,agat,átha
dúinn,measc,thug,ais
dúirt,leanas,mise,beag
mac,teacht,eolas,ansin
suas,ndiaidh,bhean,fuair
roimhe,nó,leo,uirthi
ann,gur,bhean,mac
tharla,ár,arís,gcuid
mhór,le,mo,na
nó,mór,eolas,fhios
sásta,chun,siad,dá
fear,oibre,ceart,seisean
leabhar,aon,oíche,chuige
againn,chur,cinnte,mhaith
léir,ndiaidh,measc,go
ceann,nach,lámh,agam
siúl,scoil,éigin,riamh
de,inniu,ar,bliain
nach,gan,in,gcuid
níor,cuid,ar,hÉireann
leithéid,acu,nach,chomh
cliath,Gaeltachta,Éirinn,sásta
maith,scríobh,mór,réir
Irish,roimh,ainm,freisin
go,ón,bharr,bhaint
lch.,bhíodh,obair,timpeall
cheart,méid,faoin,gur
anois,raibh,baile,gan
ab,scéal,ó,fear
bliain,ceann,bhíonn,cheann
cén,cliath,uisce,chuig
dó,bhaint,bhliain,againn
ní,fada,leanas,chaith
acu,duit,chomh,mar
dhiaidh,leis,amuigh,sásta
duit,muid,mórán,éigin
gcuid,áit,orthu,uirthi
bheadh,mé,sé,chuir
leithéid,oíche,bliana,liom
níor,anuas,nós,fad
réir,orthu,alt,dé
go,bith,leor,minic
mar,dóibh,ár,chun
dúinn,ach,dé,úsáid
caint,roinn,amach,bhean
fiú,á,cur,taobh
taobh,atá,fhios,ainm
chéile,shin,na,raibh
arís,againn,dó,sin
siúd,ndiaidh,lá,uaidh
siad,cheart,céard,seisean
trí,é,gach,maidir
déanta,riamh,níl,léi
ainm,fiú,chuige,cur
orthu,dúirt,féin,nós
agat,an,muid,fad
lae,ina,eile,aige
roimhe,leabhar,níor,aici
dhá,ach,roinnt,fiú
baile,sé,amuigh,do
raibh,dó,air,deireadh
bhliain,súil,lá,mbíonn
fiú,amuigh,mise,dhá
agat,ais,chuaigh,cinn
caite,dúirt,muid,seán
air,seisean,uile,riamh
tír,fáil,roimhe,níos
scoil,thar,duit,lch.
más,lá,don,Gaeilge
mise,ainm,bhfad,mbíonn
láthair,fad,eile,lámh
dóibh,mo,roimh,ó
den,bhfad,céanna,bean
léir,dó,chéile,gur
mar,nár,baile,anseo
dhaoine,ón,nua,réir
gach,déanamh,cinn,lámh
istigh,duine,chéad,fháil
liom,mbíonn,bhain,bheadh
orm,faoi,linn,chur
siúd,freisin,féidir,roinnt
maith,ansin,go,san
rith,ann,ceann,fear
gcuid,uaidh,níos,sin
minic,fear,dhéanamh,óg
iarraidh,aghaidh,chéad,dara
roimh,dar,faoi,níl
cé,átha,déanta,siúd
lámh,cheann,fear,i
leithéid,liom,hÉireann,Ghaeilge
baint,faoi,tá,agus
áit,atá,Gaeilge,ort
amach,gur,nó,ndóigh
Ghaeilge,ainm,beidh,tháinig
rá,thaobh,Irish,léir
maidir,ina,feadh,bíonn
acu,fiú,muid,bhaile
ann,gcónaí,déanamh,sin
tháinig,inniu,siar,anuas
cén,bharr,nó,b'fhéidir
thug,leat,anseo,siúd
dá,chéad,déanamh,linn
lár,thabhairt,taobh,bheith
nuair,acu,mhaith,istigh
dhiaidh,sásta,lámh,inniu
maith,ceart,suas,na
oíche,léi,deireadh,den
é,seán,saol,dhéanamh
bheadh,teanga,sa,leat
beidh,dhá,dara,sí
leabhar,arís,mac,shin
b'fhéidir,iarraidh,i,dom
minic,bhíonn,má,saol
b'fhéidir,inniu,obair,ár
ón,gcónaí,chuig,ag
nach,lámh,oiread,muid
oibre,chéile,réir,suas
linn,mó,ó,cheart
teacht,arís,Irish,féidir
leith,dom,taobh,bharr
ceart,fuair,ach,leanas
nuair,ár,féidir,anseo
fada,dhaoine,tháinig,ón
uirthi,bhaile,anois,deireadh
sí,dhiaidh,le,nó
hÉireann,dóibh,gcónaí,daoine
sa,leanas,aghaidh,dhuine
roinnt,teacht,muid,bliain
ea,ba,os,dé
arsa,an,uaidh,mbíonn
rud,cheana,leithéid,istigh
lán,sé,timpeall,súil
liom,na,ach,tá
cé,dhiaidh,tíre,amuigh
timpeall,rá,rialtas,leo
minic,chur,liom,aghaidh
b'fhéidir,raibh,sin,thar
léi,átha,chuaigh,dom
sa,oíche,beidh,lucht
dá,fuair,leabhar,mór
siúd,siúl,rud,ábhar
ní,cheann,uirthi,díreach
léi,duit,lch.,ab
ábhar,siar,dara,mé
leanas,dó,orm,céanna
istigh,anois,beidh,oíche
duit,scríobh,lae,síos
fearr,bliana,cé,mbíonn
áit,lena,nuair,cheana
leanas,anuas,déanamh,súil
seán,dá,ainm,siúd
dar,orthu,cinnte,éigin
cúpla,Gaeltachta,Ghaeilge,chéile
átha,lae,tháinig,oíche
aghaidh,ó,ab,in
oíche,dhaoine,fuair,nár
síos,bíonn,ab,dúirt
nós,fad,baint,chuige
seán,bean,cheart,gurb
maith,dom,méid,fuair
mbíonn,agus,isteach,mhór
Ghaeilge,faoin,bhfad,dar
thug,duit,dó,lae
uisce,siúd,cheart,mo
déanamh,eile,arís,cinnte
sásta,nuair,ach,gceist
lámh,timpeall,gceist,bean
uaidh,céanna,réir,fearr
mbaile,tú,chuir,bhaile
lár,isteach,sí,ansin
leor,súil,mórán,tríd
amach,bhaint,aici,os
maith,mar,nach,lá
orm,ag,suas,timpeall
uirthi,an,níl,eile
bhaint,baile,siad,ainm
lá,ndiaidh,cuid,na
bhliain,cheart,ba,ábhar
méid,faoi,thug,súil
uisce,na,Irish,mhór
eolas,leor,cheana,dara
raibh,ort,ar,díreach
cé,dúinn,aghaidh,láthair
dhiaidh,caite,di,mé
thug,tríd,dó,am
saol,dhá,leabhar,siar
thabhairt,gceist,aghaidh,bíonn
áirithe,bhíodh,fíor,in
inniu,thabhairt,céard,níos
Gaeltachta,sásta,bhaile,ab
rinne,réir,nár,arsa
uisce,fháil,na,ach
roimhe,cheart,liom,dé
Gaeilge,am,minic,dhá
nuair,agam,scoil,mbaile
fós,sin,dhiaidh,scríobh
ceann,suas,éigin,rud
aghaidh,ainm,liom,ina
dúinn,uí,baile,scríobh
mise,roinn,cur,raibh
bhaile,éis,teach,dhá
sna,arsa,ba,as
na,orthu,cén,tír
déanamh,bíonn,leat,thar
feadh,alt,fad,gceist
méid,faoin,cheart,láthair
cén,faoi,níl,seán
siúd,thar,súil,leis
b'fhéidir,riamh,níl,leo
sin,chur,ndiaidh,roimh
baint,mórán,bhfuil,duine
áit,bhaile,Irish,duit
duit,ais,minic,anseo
seán,mbaile,nó,í
dhuine,chur,lucht,ann
dhuine,go,uair,gan
Éirinn,uí,lch.,freisin
baint,agus,gcónaí,teacht
dó,chuaigh,in,freisin
seisean,cuireadh,seán,ais
dúinn,ach,caite,mórán
á,lá,dar,cad
arís,uisce,tí,eolas
do,arís,cuireadh,di
maidir,seo,saol,baint
ndóigh,roinn,di,mó
muid,bhliain,tar,mac
uirthi,duit,fear,gcuid
fear,dhuine,ansin,orm
thug,baile,átha,alt
beidh,ais,ab,thart
thug,uaidh,fhios,timpeall
rinne,éigin,cheann,é
é,ainm,san,Éirinn
Gaeltachta,níor,cuireadh,bhaile
dhuine,chuig,lucht,bíonn
agus,againn,léi,inniu
nach,am,anois,air
hÉireann,taobh,dúinn,ansin
roimh,cuid,sí,ábhar
uí,lá,ba,in
tríd,ach,dhiaidh,cheann
cúpla,dhiaidh,bith,mór
Irish,áit,tíre,éigin
bhaint,rialtas,leor,na
cuireadh,fada,tháinig,tá
uaidh,arsa,cén,nach
rinne,tar,thabhairt,agat
Gaeltachta,isteach,leis,ainm
gur,aige,oiread,nach
láthair,leith,ais,fada
dul,thar,mórán,bean
shin,raibh,lae,fháil
fiú,mbaile,eolas,dúirt
sí,cuid,duine,méid
leor,anois,rá,aici
tír,dara,thabhairt,gcuid
le,fíor,úsáid,chaith
dúirt,leanas,obair,deir
ní,measc,arsa,sna
rud,dhéanamh,mórán,cinnte
uile,roinnt,caint,lena
mhór,aige,leith,agam
as,níor,thar,fáil
caint,uisce,ná,gur
lch.,lámh,nua,dhá
dul,air,ag,cé
trí,léir,cén,láthair
dhéanamh,deir,leabhar,chaith
thug,suas,bíonn,mórán
deir,bliain,bhfuil,duine
bliana,in,faoin,feadh
bhain,ort,beidh,dhiaidh
leo,orthu,síos,inniu
Éirinn,faoi,iad,roinnt
Gaeilge,bhean,leat,cé
anuas,leor,obair,dhuine
caite,tíre,cliath,leith
i,gurb,dom,óg
bheith,uile,thaobh,láthair
méid,maith,againn,aige
cinnte,fós,baile,bliain
tar,den,mé,más
lán,den,bith,inniu
eile,iad,oibre,faoin
idir,agam,ina,ní
nár,lámh,go,éis
seisean,is,b'fhéidir,ais
dóibh,iad,arís,nár
scoil,na,bliain,agus
linn,tú,shin,ansin
uisce,thar,ceann,minic
baint,amháin,tír,shin
sin,oíche,láthair,teanga
mbeadh,rialtas,taobh,fear
leith,seo,gceist,iarraidh
bharr,dhá,beidh,mbaile
chaith,bíonn,aici,leo
lár,ceart,ach,fós
leithéid,chuir,mbaile,tí
mise,dtí,leat,scéal
maidir,cén,nua,ais
taobh,léir,sí,tar
dhuine,roimhe,cén,má
thaobh,don,nua,más
rith,uile,siad,mbaile
lucht,dé,iarraidh,dtí
Ghaeilge,é,nár,seisean
inniu,óg,céard,na
mar,eolas,anseo,siúl
nós,dhiaidh,tar,linn
dhá,leithéid,duit,timpeall
rinne,chuaigh,mé,cé
gcuid,tháinig,dhéanamh,bhaint
bíonn,cúpla,baint,leabhar
freisin,anuas,bhean,roinn
chuaigh,mbíonn,gur,teanga
shin,amuigh,fiú,léi
mhaith,bharr,nó,léir
Gaeltachta,fhios,lch.,nós
dé,mar,i,bhaint
siar,réir,againn,caite
ár,fada,leat,linn
scéal,bhíodh,aici,lena
shin,bhíonn,mó,scríobh
anseo,Gaeltachta,baint,dom
dé,cheann,shin,mór
rinne,riamh,is,thabhairt
chuige,é,bhfuil,b'fhéidir
lá,mise,bhliain,chuaigh
lch.,chur,ár,iad
seisean,mbaile,ceann,againn
í,ón,roimhe,ceart
féidir,tíre,fad,shin
le,orm,fear,mé
dhiaidh,cheann,anuas,céanna
tar,ón,úsáid,í
áirithe,os,deir,lucht
in,lán,bheidh,caite
fós,tí,aici,dóibh
i,lena,as,deir
faoi,gach,ní,gurb
mhaith,céard,teanga,tá
do,níor,os,dhá
don,tíre,tí,leor
uisce,ag,teacht,do
beidh,scríobh,baint,níl
sa,ea,cuireadh,lámh
bhain,lámh,leabhar,leis
isteach,sásta,dtí,tríd
siúl,chun,áirithe,liom
shin,í,den,muid
leis,lch.,gan,bhíonn
bhíonn,gan,chuig,ea
lán,dúinn,chur,is
inniu,gcónaí,fearr,Ghaeilge
leo,ba,agat,gcónaí
roinnt,bhaile,linn,mhaith
ea,leor,mbíonn,aige
feadh,arsa,tíre,chun
den,mó,obair,roimh
shin,lár,fós,lá
cén,féin,den,bhíodh
scríobh,am,dtí,lár
cinnte,dhuine,léi,cur
riamh,réir,iarraidh,bhfuil
chuir,fad,leithéid,chur
átha,thabhairt,lucht,leithéid
cuid,mbaile,ea,dúirt
roinnt,leithéid,cuid,riamh
sin,lámh,í,siúd
níor,caite,ar,mbaile
á,nár,gach,fíor
dara,mar,trí,chéad
lch.,lucht,mo,an
átha,gceist,air,cinn
os,trí,alt,ár
más,cuid,mbíonn,leith
ab,déanta,cheart,amháin
léi,ón,aici,iad
siúd,dá,ón,áit
chéile,ais,bhain,cur
níos,déanta,rud,ab
ina,déanamh,tháinig,is
beag,leor,beidh,áit
chuig,measc,maidir,fearr
cinn,nua,bharr,den
láthair,fada,seán,agus
cé,faoin,teach,dóibh
nó,bhfad,liom,áit
dúirt,siad,má,tú
baint,in,féidir,ná
oíche,méid,maidir,gceist
cur,chomh,de,teach
thar,bheidh,os,bhfad
cuireadh,maith,caint,mó
céanna,ea,den,thabhairt
ba,siad,ní,mó
bíonn,déanta,fhios,féin
isteach,trí,ár,oibre
uirthi,dara,gan,dul
Ghaeilge,chuig,shin,fearr
gurb,istigh,shin,lán
cén,thabhairt,réir,fearr
le,rá,má,scríobh
leor,fós,thart,dhá
thar,nár,gur,bhain
bhean,Gaeilge,am,deir
dhuine,níos,den,scríobh
cé,orthu,agus,gur
as,mór,níl,nó
chuir,mhaith,láthair,dhéanamh
bhí,bliana,mór,nach
agat,tír,duine,in
bíonn,taobh,riamh,bean
mise,gcónaí,rá,siar
dóibh,tí,féidir,bhean
sna,uí,den,Irish
maith,os,nuair,féidir
trí,chéad,cheann,chuig
orthu,bhean,leo,mbeidh
siúl,sna,dé,lá
tríd,nó,agus,bhíonn
éis,aon,maith,siad
chéile,léir,lár,bhaint
úsáid,ag,ndóigh,áirithe
sé,roinnt,linn,cur
cinn,sé,dúinn,lucht
amháin,áirithe,tí,teach
atá,dó,le,ón
bhliain,do,cur,ó
nach,nár,tír,bhean
rá,uaidh,tá,uair
mbeadh,amach,cinn,os
arís,oiread,dóibh,nár
ach,bhí,aici,dhuine
mbíonn,nuair,chéile,aici
tír,bhliain,agam,tríd
aon,cinn,tí,déanta
ea,amháin,roimhe,sé
mise,léi,tá,inniu
os,ina,linn,is
orthu,bhliain,cuireadh,seán
más,cad,cur,fad
tír,thabhairt,gcuid,dom
mór,ná,thaobh,dhiaidh
mbaile,rith,leabhar,é
lucht,lán,caite,súil
os,lár,chun,dtí
agam,fháil,mbeidh,aige
faoin,mó,léir,freisin
sa,bhain,rialtas,linn
faoin,cur,idir,tíre
amach,fhios,tí,as
chomh,minic,ansin,áirithe
mé,ndóigh,liom,roinnt
mhaith,áit,méid,nach
lá,ceann,féin,anuas
Ghaeilge,do,mo,beidh
leat,cheart,fiú,istigh
lán,Éirinn,mo,éis
againn,chur,ach,gcónaí
dá,dhiaidh,fíor,gcónaí
ais,idir,nós,súil
ar,feadh,go,am
ní,thar,níos,dtí
ab,ó,mac,de
nár,tí,fháil,siad
maidir,níor,fíor,tharla
seán,síos,ceart,anuas
leithéid,riamh,alt,teacht
lucht,isteach,uaidh,an
chaith,le,ainm,dúinn
deir,uí,anois,bharr
do,taobh,caite,lá
gan,bhean,má,teanga
bharr,láthair,éis,lch.
eolas,siar,lucht,faoi
air,mó,níor,measc
anuas,thaobh,linn,mac
faoin,seán,níos,chun
saol,in,Éirinn,rith
acu,bhíonn,átha,áit
maidir,leo,leabhar,siad
caint,raibh,dtí,rith
teacht,chun,raibh,sé
cuid,seisean,Irish,Gaeltachta
den,orthu,dtí,bhíodh
cad,nach,léi,dá
rith,fada,fearr,ach
mbeadh,cúpla,mac,idir
dóibh,orthu,áit,roimhe
mbeidh,cheana,fad,bheith
leis,leanas,tíre,san
de,aghaidh,dhiaidh,tíre
do,ach,nár,Gaeilge
síos,teacht,seisean,cúpla
rud,oibre,lucht,anois
é,bean,uisce,dom
é,maidir,mbeadh,dúirt
áirithe,níl,do,agus
dom,lae,saol,tá
arís,uile,tá,saol
é,maith,hÉireann,ort
lár,cheana,teacht,thart
caite,Gaeilge,istigh,deir
ainm,ais,é,bhfuil
céard,gceist,mar,bhliain
agat,is,déanta,orm
b'fhéidir,mhaith,ort,scoil
orm,isteach,inniu,faoi
sna,i,chuaigh,mó
tríd,leor,tír,leo
agat,arís,eile,chun
má,mise,thug,acu
óg,éigin,tír,thug
dhá,chaith,lámh,sí
obair,dara,di,aici
nach,scoil,síos,eile
aici,mise,tú,measc
amuigh,déanta,arsa,am
leor,amach,na,idir
dul,idir,bhí,lena
dhéanamh,fear,uaidh,b'fhéidir
measc,faoin,cén,faoi
tar,tá,sí,nuair
faoin,léir,ndiaidh,ar
ort,dara,ba,gurb
lár,go,daoine,ansin
sa,arís,fíor,againn
gcuid,mar,cuid,agam
mó,uair,mbaile,den
leithéid,céard,beag,déanamh
lena,eolas,bheadh,mó
dé,ní,ab,an
tír,cén,bliana,saol
tríd,bíonn,shin,fáil
bhaile,mac,áit,isteach
Éirinn,orm,ábhar,ina
saol,freisin,faoin,tríd
éis,ais,dara,fuair
mbíonn,uair,mórán,bhain
caite,déanamh,amach,teacht
fíor,dá,istigh,duine
thar,scoil,amach,cé
mórán,baile,cén,sna
di,timpeall,mac,ach
thabhairt,thart,bhaint,anois
feadh,fíor,don,sin
rá,ann,san,dhiaidh
óg,nár,leor,réir
mór,uisce,áit,dtí
bheith,sa,chuige,ná
tí,seo,don,átha
lena,ainm,mac,dúirt
ábhar,fhios,agam,rá
raibh,lena,duit,deireadh
mbeidh,dtí,lch.,Éirinn
uile,gcuid,sna,dhéanamh
óg,bhíonn,cuid,faoin
amháin,aghaidh,le,bharr
Gaeilge,cinn,óg,go
is,ea,nár,againn
siar,úsáid,uirthi,am
síos,aige,chéad,duit
bíonn,nach,thart,don
mbeidh,uaidh,mórán,áit
fearr,mar,an,má
arsa,bith,bhí,fháil
thaobh,iarraidh,siar,nár
Gaeilge,seisean,má,os
dá,ann,níos,ab
de,rinne,tar,bean
déanamh,dhaoine,fuair,bith
liom,den,gcónaí,riamh
bhfuil,leithéid,den,rá
bheadh,déanamh,gurb,níos
alt,sa,bheith,beag
sna,dúinn,uirthi,obair
ná,cinnte,dúirt,raibh
áirithe,shin,cheart,idir
anois,orm,na,bhaint
leo,Gaeilge,níl,baint
ceann,éigin,cuireadh,aige
mbeidh,sin,uí,roimhe
muid,cur,mo,in
roimh,amach,lae,de
amach,duine,fáil,timpeall
chun,cheart,síos,cliath
rá,Irish,den,uí
ar,siar,súil,baile
fíor,scéal,leis,mbeidh
istigh,mó,anois,réir
í,suas,bhíonn,thart
freisin,fad,dtí,cén
sna,seisean,chéile,lae
bhfad,mbeidh,Gaeilge,siar
Ghaeilge,mac,leis,na
níl,déanta,ó,aghaidh
fear,ab,sna,gcónaí
siúd,níl,bhfad,má
lá,má,mise,bharr
lá,bean,arís,teach
oiread,bhean,orthu,anseo
mbíonn,sna,roimhe,áit
chun,ón,dóibh,anseo
ní,fíor,iad,mbeidh
áit,dóibh,dó,bharr
cinn,ceart,gur,mac
uaidh,leabhar,tíre,chuaigh
arsa,baile,cinnte,go
nár,ba,teach,bhfuil
nach,fhios,bheidh,áit
gcónaí,má,nach,lár
cad,bheith,Gaeltachta,mór
bliain,ndóigh,chuaigh,rá
leat,Irish,mar,daoine
áit,mo,lucht,uaidh
gcónaí,arsa,ó,riamh
minic,leor,leat,siar
más,fós,ó,ort
baint,de,istigh,tháinig
bhaint,cliath,linn,chéile
am,chuid,dá,daoine
mé,chaith,bhí,bith
léi,cinn,alt,bhaint
duine,gcónaí,bhí,láthair
lucht,bhfuil,uile,mó
am,bliana,ann,bliain
isteach,cliath,bheidh,mise
roimhe,anois,do,i
ach,liom,thart,é
ag,méid,arsa,cúpla
rá,fear,faoi,bliana
liom,riamh,fear,leith
leith,mbíonn,lucht,cliath
cinn,más,mhaith,sí
réir,déanamh,mac,ansin
beag,súil,mbeidh,freisin
ndiaidh,fuair,éigin,tá
fíor,bhfuil,air,sí
seán,ach,i,nó
ansin,iarraidh,chur,deir
leor,saol,scríobh,ais
maith,uí,leor,díreach
as,ón,uí,mbeidh
mar,le,siar,cheann
cinnte,rud,cheart,cé
gcónaí,roimh,siúl,tharla
déanamh,riamh,nó,fáil
fiú,rialtas,thar,chaith
lár,amuigh,duit,sásta
ar,áirithe,déanamh,uirthi
amuigh,gach,oiread,obair
rá,bhain,leanas,minic
agus,bhliain,déanamh,scoil
féin,chun,cur,díreach
roimhe,don,ceart,ansin
thaobh,bhíonn,éis,í
lena,tríd,mhór,mar
arsa,nár,sí,scéal
mar,fuair,aghaidh,faoin
mise,teach,arís,lena
thaobh,maith,dúinn,súil
bliana,átha,mórán,fós
chur,i,déanamh,réir
di,acu,lán,mór
nós,nuair,thug,thar
méid,cuireadh,áirithe,bliain
siúl,sna,orthu,níor
baile,oibre,seán,cheart
tír,siad,idir,amuigh
bhliain,ansin,leanas,dhá
lár,tí,lámh,thug
baint,fear,roimh,aon
fada,bheith,di,rud
am,aghaidh,leis,ón
bliain,fearr,éis,níos
shin,oibre,atá,síos
lámh,bhfuil,beidh,chuig
áit,anuas,di,thug
lena,timpeall,nua,lucht
saol,chomh,cé,gach
gur,ceann,tíre,feadh
cliath,hÉireann,sí,oibre
bhaint,rá,méid,nua
lámh,thaobh,chuige,arsa
nuair,dhuine,anseo,bíonn
fós,suas,thug,thart
leat,roinnt,dar,freisin
againn,lch.,le,gach
déanamh,áirithe,b'fhéidir,teacht
ar,lámh,fós,tríd
caint,cliath,eolas,uirthi
dara,tríd,cé,scéal
oíche,ansin,déanamh,chuid
mé,ann,má,taobh
uile,cheann,chur,beidh
tríd,inniu,b'fhéidir,síos
cinnte,chéile,leis,go
céard,siúl,Ghaeilge,cuid
bhaint,nár,bhfuil,roimh
sí,dúinn,dul,thar
raibh,siar,di,siúd
díreach,bheith,bíonn,roimhe
agam,i,Irish,baile
thar,do,déanta,cinnte
beag,bíonn,bhfuil,thaobh
chun,gach,ábhar,níor
beidh,dara,sin,chuid
tar,uí,bhean,cúpla
taobh,rith,siúd,thart
dúirt,agat,chaith,uaidh
bith,as,anuas,chuir
lán,sna,mbíonn,gan
iarraidh,mhaith,tí,dul
mó,trí,bharr,roimh
leithéid,lán,mbíonn,gceist
nár,duit,aon,chuige
hÉireann,úsáid,atá,fearr
chaith,díreach,am,rith
obair,tú,dhéanamh,leat
fuair,dá,thart,seán
ais,mhór,daoine,níos
gach,fada,faoi,dúirt
lae,dul,ná,fáil
céanna,duine,as,sé
Irish,roinnt,cé,rá
fós,láthair,Gaeltachta,fíor
níor,bharr,gcuid,dé
gach,tí,tá,duit
cliath,áirithe,ár,linn
gcuid,duine,teach,leanas
rith,ach,cinn,dhá
chuir,mórán,beag,caint
anois,bharr,teanga,bhliain
sásta,dhaoine,dul,mar
síos,de,nó,Gaeilge
ón,orm,uair,teach
bheith,ag,gurb,uaidh
baile,muid,á,oibre
fada,baint,dhaoine,dúirt
is,dé,sí,agus
thart,uirthi,arís,siúd
duit,fiú,leat,dtí
leithéid,súil,eile,freisin
teach,oíche,inniu,shin
fuair,dtí,ndóigh,chéile
roimh,uile,mhaith,bhfuil
ag,gurb,oiread,ba
iad,éis,teacht,againn
san,fáil,gcuid,éigin
teanga,dúirt,láthair,mhór
ansin,shin,gan,má
bith,iad,má,chun
na,bheith,thug,bhí
taobh,obair,eolas,anuas
fhios,dó,teach,agus
dhá,atá,dom,chuig
á,fuair,súil,sna
bliain,cúpla,duine,arsa
déanta,dara,caite,amach
ceann,amuigh,ag,í
chuid,bliana,níor,fiú
aici,ó,saol,leanas
Éirinn,úsáid,dom,sí
aon,fháil,mbaile,gur
leithéid,sásta,mór,tú
féidir,dhá,lch.,níos
nó,atá,chomh,deir
níor,agus,bliana,i
mbíonn,anuas,chuir,go
á,dul,ar,leabhar
ábhar,mbíonn,ais,oíche
ná,láthair,caint,am
dhéanamh,tíre,idir,gcuid
anois,nach,tír,chuid
áit,uí,seisean,anuas
mó,siúl,sna,am
níor,gurb,chuige,dara
arsa,cliath,dhuine,seán
suas,thug,áirithe,daoine
léi,aige,mór,tí
anuas,fear,idir,léi
dhaoine,agam,níl,dara
nach,chaith,chun,aige
uaidh,ann,méid,bhíonn
dúinn,chéile,bheith,as
le,thaobh,mórán,níor
mór,siúl,duine,bhí
feadh,Ghaeilge,fháil,cad
sé,mbaile,seisean,céanna
céanna,fuair,más,átha
hÉireann,dhá,mar,nach
agam,mhór,siúl,súil
mór,rinne,leor,uí
chuaigh,sí,céanna,thabhairt
lámh,nuair,fháil,san
thart,bheadh,mise,roimhe
maith,átha,áirithe,ceann
aige,ón,dhaoine,feadh
é,mbíonn,cuid,níos
ach,cheana,bhaile,chuige
arsa,lae,súil,aici
fad,uair,dhuine,dar
feadh,óg,faoin,bheith
bhfad,nuair,le,ndóigh
thar,rá,measc,fear
ár,tharla,óg,inniu
Éirinn,mhaith,dhá,faoi
tharla,díreach,bíonn,arís
aon,léir,siúl,di
átha,lár,chomh,mbaile
bharr,thart,nós,cúpla
gach,deir,dá,ndóigh
don,chun,suas,leith
uair,anois,roimhe,siar
agam,do,í,anseo
taobh,mbaile,thabhairt,mórán
más,í,tí,beag
cinnte,minic,siad,láthair
Irish,iarraidh,nár,fad
againn,fáil,mac,chuir
rá,sí,mbeadh,tríd
oiread,céard,oibre,thug
bíonn,sna,ag,shin
agat,dhéanamh,bhfad,dom
chéad,tar,as,gur
dara,bean,roinn,roimhe
cinn,uisce,ná,tar
cuid,déanamh,do,bheidh
dé,hÉireann,uí,istigh
gach,láthair,réir,lán
siad,fáil,bheidh,má
ort,tháinig,gur,ag
nuair,arsa,is,go
siúl,cén,am,bhíonn
tá,dá,ndóigh,thart
dhuine,dul,dtí,uisce
baile,uirthi,mhór,nuair
teanga,ainm,ceart,gach
as,siúl,thaobh,leis
chaith,de,thaobh,leith
í,di,nach,faoin
sásta,bhaile,scéal,baint
chuir,bhíonn,níor,scríobh
rud,thabhairt,mo,tír
sna,leor,leabhar,dé
roinnt,bhíonn,as,chéad
inniu,dhiaidh,maith,Éirinn
duit,scoil,scríobh,lch.
uair,le,déanta,mac
cheana,leat,teanga,scríobh
ab,éis,dhéanamh,measc
mbíonn,timpeall,léi,in
dhá,bhí,nár,bliain
mó,ceann,fhios,mhaith
féidir,leithéid,bliain,cuireadh
bith,chaith,chun,ó
cad,uaidh,ba,dóibh
cinn,ceann,bhaint,dó
chéile,minic,chuig,á
thart,léir,siúd,san
roinnt,dar,Éirinn,lch.
láthair,súil,suas,oibre
Gaeilge,síos,gcuid,ná
cheart,cur,hÉireann,baint
beag,deir,scéal,bhíodh
oíche,ach,is,léi
mé,teanga,bhain,siad
déanta,amach,siad,tharla
dóibh,rud,oiread,gurb
aige,chaith,bhíodh,cad
ceann,roinnt,leis,rith
caint,uile,gan,Irish
agam,Irish,tríd,lámh
againn,seisean,baint,chur
chéad,cúpla,leo,féidir
deir,scríobh,aghaidh,oíche
gcónaí,ann,sna,ná
cuireadh,dtí,hÉireann,is
oibre,ó,ceart,in
dá,na,bith,seisean
rith,gcuid,lucht,caite
beag,uile,sé,lá
rith,dhiaidh,gach,thart
nuair,linn,isteach,rá
duit,mó,oíche,dúinn
de,uile,bheidh,baile
lucht,mbeadh,síos,leat
é,láthair,seisean,mise
liom,ó,síos,lámh
in,chuid,ábhar,atá
gach,measc,cheann,céard
á,go,suas,dtí
rinne,amach,freisin,dom
taobh,átha,bhfuil,mac
dé,bheith,fiú,dhiaidh
nós,caint,Irish,má
lán,aici,má,bhíonn
gcuid,na,mise,faoi
saol,dul,gurb,fhios
trí,dara,é,sa
rá,leis,maith,dhéanamh
idir,chéile,cad,fós
mar,le,air,ag
fháil,orthu,dtí,Éirinn
uirthi,chomh,leabhar,le
amháin,mórán,óg,ná
uaidh,daoine,dúirt,bhean
lena,is,chun,bharr
chaith,arsa,cinnte,óg
mac,dhá,siar,dtí
réir,láthair,déanta,ab
bliain,díreach,an,amuigh
é,i,gan,thar
mhaith,mórán,siúl,fuair
taobh,liom,chuir,acu
lán,agus,súil,lena
os,bhean,ansin,i
sa,ceart,hÉireann,cén
ainm,bean,deir,nár
seisean,Gaeltachta,sásta,Éirinn
cinn,baile,déanamh,teanga
air,Éirinn,ag,cén
nó,leor,chomh,seán
uisce,iarraidh,gcónaí,aige
ainm,anseo,nach,cén
ní,leithéid,céard,chuid
ach,seán,as,thug
dara,cén,lena,anseo
minic,bíonn,nua,céanna
lámh,éigin,iad,lá
Éirinn,leat,gan,uirthi
láthair,tíre,measc,eolas
dhá,istigh,rinne,lár
Éirinn,tar,mór,átha
chomh,maith,siúd,bith
chuid,sé,chuaigh,do
agus,mhór,cúpla,bhfuil
áit,dara,roimhe,cuireadh
chuaigh,mac,thar,di
san,ach,am,atá
beidh,ba,mhaith,shin
fuair,ach,seán,tar
cé,agam,chun,ár
í,aghaidh,fháil,síos
úsáid,deireadh,teacht,anois
Irish,mar,ainm,ndóigh
á,cad,bhaile,níor
óg,ndiaidh,céanna,dhaoine
inniu,ceart,dhá,timpeall
bliana,caite,chaith,ábhar
bhean,in,sé,leor
cheana,gurb,dara,oiread
seisean,timpeall,dó,fhios
mo,amháin,liom,mé
déanta,dóibh,fháil,léi
cé,ní,b'fhéidir,hÉireann
cliath,air,na,ab
mhór,bliain,sásta,sna
seo,mór,bheadh,níos
dara,do,siúl,sna
aici,na,cinnte,céard
rialtas,ar,láthair,cliath
céanna,gan,teach,di
go,chuir,hÉireann,cheana
cliath,gceist,amach,deir
alt,ais,seisean,cur
ndiaidh,ní,ina,ort
beidh,fad,céanna,isteach
obair,nach,Gaeilge,thar
scéal,leis,as,isteach
ndóigh,úsáid,lá,mbeidh
fháil,óg,bhliain,teach
ábhar,díreach,duit,eolas
cur,don,san,tú
bheith,féin,bhíonn,cuireadh
nó,caite,lár,áirithe
díreach,cliath,sásta,orthu
anseo,mar,duit,di
duine,féin,cheann,áit
na,as,freisin,roinnt
nó,de,chur,rá
oibre,nua,léir,sé
dar,roimh,cé,cur
le,siúl,céard,mhaith
rinne,Gaeilge,dhá,chéad
idir,dé,ní,dhaoine
agam,an,chuige,duine
ábhar,shin,ó,fuair
roinnt,rá,chun,siad
bharr,mar,leithéid,aon
faoi,leithéid,bliana,ea
tharla,tháinig,deir,féidir
chur,cinn,os,bhaile
roinn,aon,beag,chuaigh
bhíonn,gcónaí,tú,áirithe
bhean,rá,déanamh,seo
dó,lán,agat,ábhar
scoil,di,riamh,cheana
lá,bheith,lena,cé
i,é,Gaeilge,uaidh
ó,déanamh,fós,iad
fáil,uisce,siar,bíonn
arsa,dhéanamh,beidh,aici
tríd,an,anuas,Gaeltachta
nuair,dtí,cur,ábhar
dé,bhíonn,Éirinn,nós
roimh,thabhairt,réir,roinn
le,mé,mac,sna
ábhar,rialtas,Ghaeilge,dá
ainm,cuid,leor,idir
aici,amuigh,í,fiú
úsáid,díreach,raibh,sna
céanna,taobh,linn,mar
súil,seán,lán,tír
chéad,liom,amháin,cheann
bhain,orm,ceart,don
shin,suas,baile,gurb
caite,roimhe,beag,thaobh
muid,fearr,nó,istigh
cheart,cé,seisean,idir
cad,ea,uisce,Ghaeilge
roimhe,sásta,nua,idir
tríd,siad,uisce,céard
cad,bhain,bhíodh,ó
sa,linn,sé,aghaidh
oibre,mac,méid,muid
fearr,roimh,seisean,cinn
b'fhéidir,feadh,sé,cén
cuireadh,gurb,seán,fíor
cheart,fáil,rialtas,súil
liom,beidh,Irish,ar
mé,isteach,tar,gan
sna,nár,bith,aige
dhuine,lena,dhéanamh,bheidh
léi,ach,ndiaidh,Gaeltachta
arsa,ais,má,san
anuas,baint,más,dóibh
scéal,anuas,bíonn,freisin
í,bhí,ná,arsa
tíre,maidir,faoi,mó
ag,ó,duine,siar
i,tí,tíre,é
b'fhéidir,dhá,siar,gcónaí
siúl,sí,nár,mhaith
fós,fad,fháil,nach
ais,aghaidh,dá,chur
arsa,lán,ag,lámh
bhfad,aige,Ghaeilge,measc
timpeall,baile,di,bith
ní,má,dhéanamh,isteach
méid,dara,oíche,seán
daoine,síos,go,réir
cheart,bean,aghaidh,lár
aige,fós,ansin,bean
uisce,muid,lá,uirthi
átha,oíche,siad,muid
muid,anseo,Éirinn,am
den,beag,ach,ceart
súil,do,aghaidh,ansin
teach,bhliain,ansin,is
gach,siad,scríobh,dul
áirithe,ort,lá,obair
bliana,rá,iarraidh,ag
thar,rinne,orthu,agam
dúinn,tá,tír,mhaith
féidir,freisin,eolas,suas
de,chuig,dhiaidh,orthu
dá,dúinn,leo,maidir
duine,gan,chuid,mbíonn
lámh,leo,chuig,thar
ár,Ghaeilge,chuid,Gaeltachta
eolas,lch.,saol,linn
Éirinn,siar,leithéid,anseo
cur,b'fhéidir,bhean,cé
cad,arsa,sásta,dé
dé,leithéid,éis,uile
cinnte,chuig,féidir,leabhar
seo,fós,fuair,í
freisin,fear,duine,sásta
fiú,léir,cheart,más
is,roinnt,síos,dé
nuair,fáil,rá,bíonn
bith,mbaile,agat,leith
mhór,cinnte,tríd,bhliain
réir,cinn,óg,bhí
súil,tharla,lá,níor
uair,chomh,nuair,ba
duit,ansin,bhíonn,láthair
bliain,ba,baint,ná
aghaidh,muid,sé,taobh
eolas,oibre,dé,muid
siúl,tíre,siad,fearr
gan,don,bheith,rith
bhain,fuair,na,seo
cúpla,dhaoine,ábhar,leat
is,éigin,anois,tíre
lucht,roinnt,beag,leor
acu,ach,do,mac
san,gurb,hÉireann,orm
idir,cliath,bhíodh,éigin
siúd,ach,má,teach
aghaidh,tháinig,gur,léir
mór,níos,cén,iad
é,chuige,nó,rinne
úsáid,freisin,dó,chéile
anseo,muid,leanas,de
maidir,minic,mo,agus
aici,deir,mbaile,ainm
rinne,bhfuil,fháil,linn
oiread,síos,lá,faoi
bhaint,teacht,léir,tar
dúinn,seisean,bheidh,sé
bheith,gur,mise,duit
isteach,i,anois,gcónaí
caite,fiú,cé,oíche
dóibh,chaith,méid,seo
gach,rith,don,féin
agus,agat,caint,go
bliana,úsáid,síos,léir
cad,as,scoil,bhain
dhiaidh,átha,uile,mbaile
sa,Ghaeilge,bith,tír
duine,má,síos,ann
caint,í,éis,chuige
mbeidh,fearr,bheith,di
leor,mbeadh,mo,anuas
an,ó,rud,déanta
uile,mhór,fiú,dhá
trí,chéad,é,am
éis,duine,iarraidh,méid
do,thabhairt,leith,hÉireann
siúl,deireadh,eolas,go
siar,léir,fad,síos
mé,orthu,scéal,mbaile
fearr,roimhe,nua,bliana
lucht,bliain,arís,amháin
timpeall,caite,aici,gceist
síos,siúd,chéile,roimhe
eile,amach,cé,deireadh
teacht,minic,bean,ann
leithéid,trí,fáil,seán
fháil,bíonn,bhain,Gaeilge
ndiaidh,ann,cheart,bhfuil
thabhairt,óg,chuige,as
cheart,déanamh,díreach,aon
ó,teach,taobh,úsáid
arís,di,chaith,mo
duit,leor,fiú,acu
mbeadh,ó,dara,duit
rinne,ansin,níos,fear
déanamh,sa,liom,Gaeltachta
leanas,sé,maidir,deir
bhíonn,os,dúirt,dhiaidh
aon,fearr,má,ort
bheith,ab,gcuid,gceist
Gaeltachta,seisean,rud,dhuine
iad,fad,thar,uaidh
uirthi,ba,lámh,measc
cuireadh,trí,eolas,scéal
rá,dé,nuair,dul
mór,nár,tríd,chéad
leo,lá,dúinn,beag
mór,siad,teacht,uile
don,ó,raibh,dúirt
cheana,dhá,uirthi,riamh
fear,go,scríobh,leabhar
leor,sin,scoil,riamh
dúinn,ceart,chéad,lucht
fuair,ach,teacht,atá
lena,dá,ann,cliath
más,istigh,scríobh,í
Gaeilge,sin,leanas,féin
ceart,gur,uirthi,sásta
déanta,idir,beidh,dhéanamh
in,chuid,óg,féin
linn,uaidh,dhiaidh,mise
baile,roimhe,cúpla,úsáid
ábhar,Éirinn,súil,ach
cliath,ábhar,áit,chur
ábhar,caite,bliana,do
sí,céanna,bhaint,dtí
orm,mhór,agus,ábhar
as,deireadh,thaobh,duine
féin,am,acu,bheidh
gan,measc,ar,oiread
uí,cé,cén,arís
siar,baile,deireadh,do
ba,dhuine,lae,ea
thug,faoin,dhá,mbeadh
ba,uisce,am,rinne
eile,am,cheana,anseo
anseo,cuid,amach,aige
in,gcónaí,fearr,fhios
oiread,anseo,thar,roinnt
ár,dar,cur,éis
tríd,dhaoine,Irish,bheadh
is,scoil,thabhairt,mbaile
mbíonn,cinn,alt,ar
amuigh,duine,anuas,roimhe
cad,lch.,dúinn,súil
cheann,más,lena,nó
air,freisin,í,maith
cé,tí,ea,cheart
dá,liom,beidh,amuigh
mar,tar,mbeidh,oíche
gceist,aon,uirthi,réir
leat,eile,mar,bhfad
measc,seán,scéal,gurb
mórán,nó,nuair,méid
chuig,tríd,orm,linn
áirithe,áit,mo,arsa
teacht,dhéanamh,baint,lch.
mbeadh,gan,ea,tú
dá,nó,dtí,os
gach,nach,ó,lá
timpeall,ab,beidh,lena
mó,sé,caite,áit
maith,gan,in,ábhar
tá,sí,istigh,tháinig
uair,nár,os,dara
leanas,isteach,leis,ná
caint,b'fhéidir,dhéanamh,uaidh
leithéid,fuair,fad,bhain
céard,mé,fearr,níos
do,bharr,Gaeltachta,mise
acu,uile,ó,beag
ea,feadh,lá,agus
saol,dhiaidh,seo,atá
i,tríd,nó,láthair
mhaith,maidir,áirithe,thabhairt
siúl,di,in,roinn
tar,bhain,fháil,dó
bhfuil,tháinig,súil,inniu
nár,déanta,atá,iad
cur,am,gan,óg
thaobh,áit,anois,rud
mo,feadh,nós,orm
í,leo,an,á
léi,sna,ab,á
roinn,chuige,lár,mór
ina,amuigh,acu,dtí
mbeadh,faoin,measc,chuig
tú,orthu,ábhar,go
daoine,beag,taobh,baint
chuid,obair,bhaile,rá
cé,bhfad,cinn,seo
seo,nós,nach,bliain
dhaoine,bhaile,mbeidh,gach
tír,den,uile,deireadh
ceann,cúpla,sin,dúinn
dhuine,leis,fáil,mé
dóibh,ach,dúinn,dul
fháil,dtí,ceart,tar
fíor,dul,leor,scríobh
mé,cé,don,teacht
aici,oíche,sa,réir
ó,am,bheadh,chuige
oiread,tí,dé,ná
againn,dé,obair,gceist
ar,chuige,dhiaidh,bhíodh
baint,gach,freisin,orm
seisean,Ghaeilge,sásta,mór
léir,os,orthu,cén
ina,agam,mbeidh,nuair
nach,ab,óg,bliana
ag,teanga,taobh,bhliain
hÉireann,rinne,oibre,ceann
bhaint,Ghaeilge,freisin,teach
in,bliain,lámh,chomh
thart,bhfad,dtí,dar
nós,baile,leor,obair
di,Gaeltachta,dá,óg
lár,go,mhór,méid
siúd,siar,bhíonn,baint
don,bhfad,mé,rialtas
lár,dar,uí,arsa
bheadh,ag,chur,lár
againn,síos,mó,ábhar
féin,dhéanamh,bhfad,óg
tí,deireadh,leor,cheann
láthair,seo,baint,roinnt
óg,anois,lae,gach
ainm,lch.,ab,de
dtí,as,gan,léi
nua,mbaile,ainm,caint
chéile,dhá,leo,inniu
ar,iad,leor,siúd
lámh,lá,tríd,sin
beidh,má,Éirinn,ó
am,atá,tháinig,amuigh
ndóigh,chéad,roimhe,nós
dhá,as,thug,nuair
oíche,dó,áit,síos
measc,bhfuil,uisce,féin
bith,nó,inniu,uí
thart,sásta,arsa,orm
ea,lár,scoil,fíor
riamh,nuair,raibh,lena
cur,fear,chun,os
chaith,ort,teacht,aige
leithéid,anuas,léi,dul
réir,obair,fad,leo
chomh,de,fháil,bhaint
leo,dhaoine,má,trí
bheidh,fiú,riamh,láthair
fad,don,roimhe,hÉireann
oíche,thaobh,in,ansin
léi,duine,gcónaí,don
thar,Éirinn,gceist,níos
ina,tríd,Irish,beag
dom,díreach,déanamh,cé
ní,féin,bheadh,cuireadh
sé,dhaoine,bhfad,méid
féin,mar,cliath,bhíodh
tá,é,sna,agam
fíor,roinnt,isteach,anuas
sí,oiread,dé,aige
oiread,méid,fear,agam
aghaidh,dhá,díreach,ndiaidh
fiú,cheart,roinn,aige
scoil,agus,láthair,átha
súil,lena,eolas,scoil
bhain,chuaigh,é,bliana
dé,leithéid,gcónaí,dhaoine
faoin,mo,chuir,leanas
thug,lá,méid,is
mórán,gan,ag,baint
uisce,déanamh,chomh,rinne
os,láthair,lár,cuireadh
uair,bheidh,chur,gan
déanta,di,céanna,más
minic,mac,átha,ansin
Éirinn,áit,san,bhean
tá,caint,bliain,idir
ort,thart,linn,bliana
uaidh,lucht,rud,chuaigh
tá,saol,aon,átha
ansin,níl,atá,fhios
á,thart,tíre,gcónaí
úsáid,ann,fearr,deir
deireadh,éis,rud,aon
ár,ó,chaith,minic
átha,ab,fad,chomh
bhí,díreach,gan,í
bliain,siad,anois,níor
agus,dul,gcuid,mór
chaith,deir,cuireadh,alt
faoin,láthair,chuaigh,thaobh
scoil,chuige,mbaile,lch.
cheana,mé,dhuine,rá
mó,oibre,fáil,tháinig
tharla,dá,mbeadh,gurb
dom,leith,siar,nua
chur,ea,acu,alt
bheadh,céard,cé,rith
éis,bean,linn,úsáid
siúl,lár,cinn,bean
oíche,bhaile,siad,i
istigh,caite,dhuine,hÉireann
maith,deireadh,láthair,cinn
cúpla,mbíonn,uile,teach
atá,más,aghaidh,bith
éigin,siar,idir,thar
cur,as,deir,chuige
sásta,dhaoine,lár,éis
caint,dhaoine,dúirt,rinne
i,duit,ina,caint
rá,ndóigh,caite,nó
átha,iarraidh,aon,mbeidh
uile,gcuid,dar,tharla
aici,duine,fada,chuir
leabhar,áit,suas,déanamh
againn,den,sin,lár
anuas,linn,aghaidh,inniu
teach,dtí,ní,leor
is,bheidh,dhá,úsáid
díreach,nach,iad,mar
an,beag,bliana,fíor
ó,tá,díreach,chomh
chomh,timpeall,tháinig,bhíonn
cé,cinnte,ba,céanna
óg,nach,den,déanta
léir,orm,ea,as
cuireadh,bhfuil,dó,baile
as,de,éigin,dara
cur,gceist,cé,fada
raibh,arsa,chuir,déanta
uile,caint,thaobh,oibre
ais,orm,Gaeltachta,bith
den,bhfad,éis,uí
chomh,cliath,sa,níl
scríobh,ais,méid,don
bíonn,agus,mhaith,lár
sna,duine,leith,shin
faoin,leo,duine,orthu
go,láthair,níl,ndiaidh
acu,dá,bharr,ón
am,dá,cad,bhíonn
dhaoine,tí,chuig,dhiaidh
as,ais,fuair,más
dúinn,amuigh,beag,uirthi
thabhairt,Gaeilge,siúd,feadh
sí,don,é,átha
Ghaeilge,dom,orthu,é
liom,lena,bhíodh,bhean
chur,dhuine,níor,anseo
mbeidh,ab,nár,céanna
ó,úsáid,trí,níl
lán,liom,cúpla,éigin
tháinig,chéile,as,leis
beag,mhór,dhéanamh,chuaigh
cuireadh,Éirinn,leis,déanamh
ainm,lae,taobh,chur
mbeidh,beag,mbeadh,dúirt
scéal,thug,dar,óg
minic,átha,nár,bliain
dhuine,rud,amach,roinnt
mó,ná,baile,chéile
faoin,arsa,siar,dúinn
duit,tháinig,bith,bhain
uile,baint,bean,céanna
fháil,mhaith,rinne,roimhe
ceann,roinnt,mac,thabhairt
rud,fearr,bhfuil,ceann
féidir,atá,measc,fhios
ó,nuair,leabhar,obair
cheann,dhaoine,orm,lá
bith,beag,seán,chaith
ndóigh,mhór,dhéanamh,san
bean,anseo,chuige,á
uile,tá,os,leo
í,mbeadh,ach,nár
roimhe,dhaoine,beag,uaidh
ab,chur,tharla,cad
shin,fearr,cúpla,ainm
cheart,atá,thabhairt,dé
bharr,thar,féidir,tú
bhaint,gur,fáil,dhiaidh
orthu,liom,dul,ort
eolas,dó,uí,againn
ort,díreach,roimhe,fear
inniu,ceann,scoil,dom
sí,aici,uaidh,gan
tíre,ná,chuaigh,roimhe
bhfad,áirithe,siar,fad
fiú,déanamh,dóibh,roinn
uisce,tharla,agat,suas
thart,leor,roimh,ár
duine,dó,uí,maith
bhfad,liom,saol,má
bhfuil,deireadh,gcónaí,os
fhios,cé,linn,ábhar
suas,measc,siar,thar
baile,arsa,sí,caint
áit,mbeadh,mbíonn,leabhar
isteach,nuair,lch.,mó
lena,bliain,fuair,iad
Gaeltachta,bharr,anuas,chuid
idir,agus,orthu,tar
amach,seán,mé,fós
ainm,ó,muid,uirthi
tá,suas,fearr,fós
san,deir,gur,shin
gan,leith,bheadh,suas
sé,leo,oíche,ab
bean,roinn,bliana,measc
mbíonn,céanna,mhaith,eolas
tíre,lae,alt,cheann
shin,deir,go,ort
chur,uair,tharla,amach
siúl,sé,anuas,éigin
aon,nuair,thabhairt,dul
aon,againn,uirthi,agam
ann,dó,deireadh,fíor
do,nach,bith,chéile
é,an,bhean,más
ag,úsáid,dá,fáil
leith,ceann,dara,cur
nua,bhí,chéad,nach
na,atá,bíonn,mó
arís,fuair,mhaith,ar
cinnte,os,mar,ón
uair,faoi,mbíonn,leabhar
arís,tí,mé,fhios
cinnte,air,sin,ceart
lán,liom,bith,mac
caint,maidir,níl,agat
saol,fháil,arsa,mo
cad,chuig,lch.,hÉireann
fuair,againn,oiread,mbíonn
cén,gcónaí,sna,di
linn,ní,mó,fearr
duine,tíre,sásta,leith
teach,ó,súil,atá
dá,seisean,láthair,bheidh
más,éigin,fíor,mo
bhliain,ea,feadh,tír
amuigh,dom,arsa,iad
dtí,thabhairt,bith,trí
mise,b'fhéidir,teach,fáil
leo,as,sí,mbeidh
leith,áirithe,ea,mó
fáil,uair,bhain,dá
gan,ár,ba,fada
mbeidh,díreach,ceart,mórán
céanna,ann,siar,inniu
chaith,caint,do,nua
mhór,maith,caint,ó
idir,linn,í,lae
ndóigh,cuireadh,aghaidh,ansin
gur,aon,tír,cuid
eolas,saol,thug,méid
feadh,arsa,dúirt,bhliain
chéile,éis,ár,don
óg,go,shin,rith
ár,tír,leith,dé
oíche,dhuine,roimh,maith
i,ais,ndóigh,lena
dul,cuireadh,cinn,chuid
déanamh,cén,féidir,scoil
níl,dóibh,orthu,hÉireann
sna,cinn,teacht,liom
ndiaidh,ort,timpeall,rud
fáil,di,anuas,Ghaeilge
anuas,fuair,ag,iarraidh
chuig,cén,bliana,gcuid
baile,áirithe,seo,thabhairt
chun,cheart,dó,obair
díreach,mbeidh,is,roinnt
mhór,chéile,chaith,dar
dúirt,chéad,féin,fós
beidh,ach,bharr,thaobh
lán,iad,leor,ab
roimhe,ábhar,í,déanamh
riamh,cuireadh,chomh,cinnte
mbíonn,baint,cad,ó
ní,taobh,bharr,mbaile
tharla,cheann,mé,measc
déanamh,scéal,mbeidh,anuas
aici,is,raibh,siúd
cur,teacht,déanta,minic
uair,gan,nár,mbeidh
Éirinn,istigh,eolas,freisin
nár,tar,bhain,caint
b'fhéidir,dtí,níor,siúd
anuas,níor,teacht,duine
seo,níl,fuair,raibh
anseo,mó,an,gan
Ghaeilge,aici,í,súil
fuair,dhéanamh,chomh,siúl
aige,nach,cuireadh,gcónaí
dul,chomh,más,nua
tíre,féin,chur,dá
caite,súil,fear,is
bharr,thug,átha,cé
chur,tú,trí,leith
dhuine,bhaile,ar,lae
sásta,i,rá,lár
roinnt,orm,dé,do
bhean,chuir,rith,dó
minic,áirithe,sna,ina
tír,bliana,chéad,féin
duit,déanamh,fuair,láthair
seisean,roinnt,ceart,agam
leith,thug,lch.,cheart
óg,léi,anseo,láthair
leithéid,roinnt,bheith,obair
siúd,liom,cé,chun
dara,ach,fiú,ort
teacht,os,láthair,measc
in,dhéanamh,saol,áit
rá,dom,b'fhéidir,mar
cinnte,fháil,rud,leat
bhíodh,ní,bliain,siar
againn,ach,faoin,agam
eile,thaobh,inniu,fiú
isteach,againn,rá,céanna
dhá,gurb,tú,cuid
chomh,ní,aici,an
uaidh,shin,in,roinnt
thar,dúirt,chéile,maidir
lch.,liom,déanta,níor
fhios,ach,suas,nós
scéal,chomh,di,taobh
áit,muid,seán,orthu
mhór,nach,uaidh,chun
oíche,bheidh,iarraidh,bliana
cheart,tháinig,nua,dara
lá,tharla,leis,tar
uí,tír,óg,ní
déanta,seisean,gcuid,sna
duine,idir,leabhar,chuid
uile,bhíonn,dúirt,chuaigh
sa,chuid,thabhairt,an
mise,cé,an,áirithe
oibre,b'fhéidir,sa,Ghaeilge
faoi,againn,cheana,níl
nó,chuir,Gaeilge,mise
linn,rinne,siúl,iarraidh
mac,gcuid,lena,mise
níos,Éirinn,den,ar
uaidh,úsáid,bharr,ábhar
ndóigh,lucht,iarraidh,uisce
féidir,feadh,deireadh,á
teach,cuid,bheadh,ní
fada,rith,measc,níl
leo,tíre,tír,liom
di,roimhe,iarraidh,rialtas
lae,obair,seán,tíre
bhfad,leabhar,leis,mhaith
más,uisce,uí,lán
lár,dhiaidh,ab,rinne
ea,lán,thug,raibh
ceart,siar,obair,dhiaidh
acu,má,orthu,dtí
dhuine,di,uile,ná
gach,chun,fad,nach
in,chuige,nár,tá
cad,dhuine,ort,gach
cuireadh,os,átha,den
cuireadh,bliana,seo,lámh
orthu,ní,roinn,dé
bhfuil,maidir,bheadh,bhain
sásta,bliana,go,ó
cad,más,aige,orthu
teanga,na,is,bith
duit,níor,fíor,ann
chun,am,seisean,beidh
cuireadh,amuigh,orm,de
faoi,baile,chaith,atá
acu,timpeall,aon,am
fhios,beidh,nó,níor
duit,dá,ceann,oiread
fuair,b'fhéidir,taobh,níl
anseo,chaith,siar,alt
mo,caint,baint,ach
trí,timpeall,dúinn,bheidh
ea,chuir,bharr,lae
ár,an,bhain,ort
bean,gcónaí,chur,leo
roimhe,fháil,amháin,faoi
acu,dóibh,bith,den
Gaeltachta,san,léir,aici
mbeadh,ainm,níl,rá
tú,tríd,ábhar,tar
b'fhéidir,cuid,suas,tá
tá,sna,Irish,mo
bhaint,in,tá,baint
lán,sin,gceist,bhíonn
ach,maidir,leithéid,uile
aige,gan,istigh,ansin
dúinn,é,áit,bhain
suas,cheann,rinne,bheadh
fuair,againn,aghaidh,ais
caint,anois,thaobh,bharr
amháin,go,feadh,leithéid
gur,mé,mó,rinne
siar,chun,óg,tá
óg,díreach,éigin,mise
bhliain,liom,thaobh,eolas
leabhar,sí,rialtas,lena
gan,siar,dar,cinn
sin,alt,duit,b'fhéidir
mise,cuid,cé,faoi
na,leat,bíonn,súil
lá,chéile,bhain,chur
faoin,tharla,nó,de
bheith,bheidh,suas,níor
isteach,súil,tháinig,láthair
fáil,mise,i,roimh
mó,úsáid,bheadh,ceart
síos,is,mbeidh,cur
ná,láthair,tharla,Ghaeilge
éis,duit,gceist,ná
lár,súil,seo,cad
siúd,duine,ansin,cheann
againn,linn,ina,leat
air,uirthi,baile,ab
leor,sna,uí,tá
leabhar,óg,tír,rinne
duine,maidir,roimhe,díreach
bheidh,chuig,fearr,fada
ach,bhaile,air,ceann
deireadh,lámh,gach,cur
súil,oíche,ní,rinne
seo,éigin,di,dúirt
alt,cúpla,bliana,caint
lch.,fós,dtí,bhaint
agus,oíche,anseo,anuas
do,níos,amuigh,réir
gcónaí,bhfuil,uí,duit
mórán,nuair,fuair,lae
tháinig,fad,láthair,do
déanamh,am,do,agam
againn,céanna,sna,mise
ab,Gaeilge,thaobh,cuireadh
beidh,duit,Éirinn,inniu
súil,fada,na,láthair
cheann,agam,bhfuil,de
dóibh,nós,isteach,beidh
díreach,níor,leo,rá
dar,Éirinn,uair,idir
cinnte,obair,mhór,deir
inniu,timpeall,léi,uile
go,trí,leabhar,ndiaidh
agam,lámh,teanga,dó
feadh,aghaidh,fada,ar
níor,átha,do,bith
cheana,faoin,an,lch.
mórán,scoil,mise,chuaigh
ann,ort,duit,leith
céard,ndiaidh,nós,in
leo,teanga,mór,dúirt
isteach,uirthi,leanas,roimhe
measc,den,sé,i
idir,sin,i,b'fhéidir
leabhar,Ghaeilge,dara,eile
fada,léi,fad,mise
trí,teacht,de,seo
nós,bhaile,saol,átha
rialtas,ndiaidh,ceart,dom
amuigh,rá,ndiaidh,anuas
idir,cheart,measc,áit
Ghaeilge,fear,do,aghaidh
ná,bliana,síos,tar
duit,á,roinn,níos
mbaile,seán,chomh,mbeidh
cheann,tíre,ndóigh,ár
scéal,sí,do,chuir
measc,ó,fiú,nua
anuas,más,leo,féidir
muid,méid,fad,fhios
i,sna,agus,chéad
tá,bliana,ina,fad
isteach,dó,deireadh,gach
orm,ó,maidir,cheart
tí,bhíonn,bheidh,thart
faoi,ábhar,dé,dar
siúd,rinne,isteach,í
anseo,timpeall,agat,aige
chomh,dúinn,bean,chéad
mo,tú,gcuid,chéad
baint,os,faoin,is
di,thaobh,am,cur
fós,cheart,arsa,sa
cad,gan,scoil,cheann
chuaigh,nach,is,chun
deireadh,baint,fíor,níos
uisce,éis,liom,rialtas
chur,léir,scríobh,ab
roinnt,ann,inniu,dul
mó,Irish,dom,na
gcuid,sna,éis,faoi
lch.,aghaidh,na,againn
bheadh,daoine,dó,í
teanga,níl,fad,anseo
más,fiú,é,cheana
thar,bheith,rialtas,i
obair,measc,cliath,thart
nach,iad,baint,síos
mise,Gaeltachta,scéal,alt
uí,nuair,féidir,sé
amháin,fáil,síos,dhéanamh
os,mór,lucht,fáil
dó,dhaoine,Éirinn,agus
Gaeltachta,réir,mó,dtí
dul,bliana,éis,thug
tá,leat,níl,bean
céard,siad,thar,oibre
níos,hÉireann,minic,roinn
roimh,rud,le,as
ainm,éigin,deireadh,dara
mbaile,lámh,dhiaidh,freisin
scríobh,dhuine,duit,taobh
chuir,cúpla,amach,leanas
beag,ón,chuid,fhios
éis,nach,thaobh,duit
as,ag,fhios,chuaigh
fad,bharr,bhliain,sin
dhá,léi,beidh,átha
den,bhean,fíor,ort
dhiaidh,chaith,mhaith,uile
cheart,dé,b'fhéidir,ndóigh
daoine,teanga,leanas,bheith
siad,duit,sí,chuig
ais,rinne,do,bhíodh
roimh,beidh,thar,cheann
mac,sé,duit,go
fiú,óg,dúinn,feadh
tír,lá,arís,ainm
sin,leor,rud,áirithe
cuireadh,chuaigh,cén,fearr
chuaigh,déanta,átha,lae
ab,suas,bhfad,dó
cé,tíre,bhliain,ba
seisean,cliath,air,gceist
go,ach,bheadh,thabhairt
linn,amuigh,tríd,ó
as,léir,sna,uisce
b'fhéidir,mó,siúd,lá
leor,leanas,cheana,níl
dtí,timpeall,céard,éis
fós,tháinig,ba,céanna
mórán,daoine,am,deir
an,cur,gurb,ndiaidh
teach,in,dá,súil
lucht,chaith,aghaidh,sin
gurb,gan,féin,féidir
inniu,fiú,níor,chur
mar,bhean,chuid,aon
uisce,siad,daoine,maith
gur,thaobh,úsáid,bhíodh
fhios,oibre,Éirinn,tír
tharla,féidir,fhios,scéal
dtí,gan,Gaeilge,ón
lán,aige,rá,céard
sa,níl,di,bhfad
nua,cúpla,agat,teach
cinn,mé,aige,níor
bhean,bhí,duine,trí
uaidh,roinnt,thaobh,cinnte
maidir,shin,sí,beidh
ár,le,bhliain,ndiaidh
ár,ab,rinne,anois
sé,Gaeilge,caint,muid
gurb,Gaeilge,alt,éigin
maidir,taobh,os,dul
bliain,gach,lch.,áit
mar,anois,átha,ansin
nuair,agat,uisce,iad
dul,bean,obair,uisce
nuair,aici,tríd,sásta
chun,úsáid,ndiaidh,rinne
dhá,don,déanamh,tar
taobh,aige,thart,beag
duit,bheadh,gcuid,ndiaidh
orm,di,lch.,bith
í,tá,baint,liom
áit,cur,do,lá
súil,chaith,mbeadh,tháinig
uisce,na,léi,rith
bhean,trí,léir,cliath
dhá,ag,cad,de
mbeidh,leithéid,liom,cheart
tír,bhíonn,mbeadh,bhaint
caite,fear,na,tar
fuair,aon,minic,feadh
leo,siúl,thabhairt,á
cén,faoi,trí,teacht
é,lch.,ceann,scéal
linn,ndiaidh,fíor,beidh
na,aici,nua,á
más,gceist,ainm,obair
é,más,á,as
dó,ó,roimh,mórán
lucht,nós,roinnt,saol
dhá,gcónaí,dé,déanamh
cén,lch.,bhí,sna
cheann,úsáid,éis,dar
cliath,leo,réir,isteach
ort,bhíonn,iad,réir
tharla,anseo,dó,ab
bíonn,uirthi,di,deir
mhór,leabhar,rud,sé
nós,di,muid,léi
ón,ach,scríobh,sna
ná,bheith,chuige,baint
lá,ar,cuid,is
bhaint,áit,á,lena
siúl,lá,dtí,oiread
aici,ais,raibh,aon
dóibh,arsa,féin,agat
hÉireann,bheidh,dom,chuig
lae,dúirt,gurb,timpeall
ndóigh,cuireadh,bhfad,caite
níl,faoin,gan,cuid
obair,aici,lch.,aige
chun,aici,leor,idir
bliain,méid,lá,scríobh
as,bean,bhliain,dó
leis,beidh,gceist,mé
roimhe,ábhar,mó,san
inniu,fíor,linn,dhiaidh
go,bheadh,leor,fada
liom,dom,ndiaidh,sé
leith,tháinig,ab,dúinn
déanta,caint,lena,ba
feadh,na,nár,síos
lá,chuig,cúpla,dó
deireadh,tú,uile,lena
mbeadh,chaith,bheadh,baile
os,orthu,baint,na
lae,dul,céard,roinn
bhaint,cuid,bhí,gur
leo,dhiaidh,scoil,roinnt
deireadh,saol,sásta,úsáid
leat,tú,ceart,anois
arís,agam,fear,feadh
é,céanna,ort,gceist
measc,raibh,fiú,uisce
chuid,má,leo,bheadh
gur,saol,mórán,ó
raibh,bíonn,arís,atá
mórán,bhean,ón,bhain
níl,ab,seisean,fearr
oíche,nós,cheana,chuir
duine,liom,acu,súil
uair,leo,measc,atá
eolas,ort,cinn,anuas
níl,istigh,siad,bhean
mórán,alt,aon,chuir
áit,mo,freisin,aghaidh
éigin,aghaidh,cad,anseo
bhliain,eolas,siad,nár
chuig,chomh,ár,lena
mbeidh,orthu,céanna,dúinn
nach,anseo,siúd,uair
cheann,ndiaidh,riamh,gceist
siad,déanta,bhíodh,arsa
tír,faoin,bhí,rá
na,arís,gur,leor
orm,dá,nua,arsa
go,cliath,b'fhéidir,cinnte
fiú,sin,dhuine,uirthi
níl,bhaile,faoin,deireadh
isteach,chéad,más,leat
mbeadh,réir,éigin,os
láthair,mo,de,síos
uisce,áirithe,dara,rud
acu,dhá,an,lena
bliana,roinn,gceist,rud
léi,mé,tír,inniu
teach,rud,orm,fada
úsáid,mhór,taobh,cad
seán,mbeadh,chuige,leithéid
léi,cuireadh,in,áit
láthair,ón,do,réir
tír,chuid,deir,mbeidh
bhaile,orm,cheann,di
roimh,ó,le,sásta
bheith,leithéid,gur,ba
na,mór,uisce,bliain
Ghaeilge,aici,Gaeltachta,lár
nach,cad,uaidh,idir
dhaoine,bhí,ndóigh,cuireadh
an,Gaeilge,baile,baint
do,aghaidh,sna,maidir
á,faoi,bhí,arsa
caint,lámh,roinnt,seo
amach,bhíodh,inniu,anseo
oiread,mór,bhíonn,aghaidh
Irish,féin,uaidh,uirthi
i,gcónaí,di,chur
aige,siad,ndiaidh,ceart
gur,áirithe,cad,mbíonn
mar,ab,rialtas,chomh
minic,orthu,di,gur
siad,chuaigh,déanta,leis
istigh,mbeidh,dhiaidh,taobh
riamh,agat,sásta,caint
níl,maidir,lámh,tá
mbeadh,nár,mór,scoil
trí,fhios,measc,nuair
iad,tá,amháin,mór
Gaeltachta,agam,fíor,fearr
ceann,amach,amuigh,féin
chéile,ndiaidh,mhaith,na
gan,bharr,seisean,uile
chuige,fós,más,dó
leith,measc,cheart,uirthi
aici,oíche,bliain,eolas
níor,freisin,di,thug
fáil,leabhar,orm,caint
bliain,dhuine,dúinn,tú
á,ábhar,níos,leith
dé,dhéanamh,am,dúinn
chomh,lch.,cinnte,di
agat,mé,den,ea
b'fhéidir,féin,shin,léir
cúpla,rinne,nach,uile
nuair,ábhar,déanamh,tú
arís,fós,lá,láthair
istigh,déanta,dhuine,amuigh
air,nár,ceart,dá
ndóigh,oíche,léi,aghaidh
suas,iad,eile,uí
deir,fearr,chuige,lena
san,saol,uaidh,dó
céard,nó,nár,amach
amháin,mbeidh,lch.,eolas
ábhar,Éirinn,cé,mé
uile,réir,bheith,cad
tar,ar,cúpla,is
mo,bheadh,átha,fós
lucht,fíor,bheith,amuigh
mbeadh,lucht,ach,liom
tháinig,cheana,céanna,uí
taobh,chéile,leabhar,bhíodh
agat,fuair,thabhairt,am
atá,chaith,sa,daoine
istigh,suas,mór,dom
ná,feadh,am,ndóigh
mé,dara,timpeall,Gaeilge
thug,thart,dhá,ó
bhfuil,is,cúpla,má
déanamh,duine,teacht,oiread
lucht,bhaile,roimhe,tá
thug,cinn,bhaile,ceann
bhean,aghaidh,ansin,trí
deireadh,chur,sna,má
amháin,baint,féin,caite
dúinn,léi,alt,in
sin,tar,na,díreach
ea,de,leis,ort
déanamh,dúinn,b'fhéidir,orthu
tá,hÉireann,mó,saol
dom,i,gurb,go
tharla,iad,riamh,caint
inniu,bith,agam,againn
ó,baint,cliath,léi
tharla,gan,amháin,más
áirithe,liom,lámh,níor
thar,fhios,ann,mar
maith,scéal,lámh,duine
dúirt,níos,lae,léi
thar,shin,taobh,fear
chur,dé,anois,acu
rialtas,seo,dó,fear
uisce,éis,nach,orthu
agus,nach,suas,bean
bean,leith,shin,fíor
orm,saol,amháin,mór
chuid,am,bheidh,bliain
oiread,mar,nua,súil
caint,ina,mo,cheart
ag,bheidh,fáil,an
isteach,anuas,baile,in
maith,fíor,atá,cad
dhuine,níos,áit,áirithe
fear,léir,uile,amháin
leor,cad,bean,fhios
uaidh,le,dhaoine,riamh
san,ann,againn,ansin
bheidh,bheith,teanga,cuireadh
sna,nuair,caite,den
teach,dhéanamh,linn,uirthi
timpeall,gur,linn,mac
mar,mhaith,leith,shin
bhfad,atá,ort,fear
uaidh,gcuid,ach,acu
deir,ní,oíche,beag
tír,chur,leabhar,rá
ár,cad,Irish,siad
iarraidh,tháinig,óg,sin
fiú,mé,oibre,é
cheart,siúl,duine,raibh
amach,leis,ár,féidir
lán,aon,leis,uisce
mbeadh,tí,suas,na
fad,gach,dó,scéal
nós,siúl,ná,leo
fháil,uaidh,lán,oíche
b'fhéidir,rud,ón,do
istigh,ainm,arsa,ceann
shin,chomh,lena,siúd
nua,as,lena,ina
rinne,eolas,cad,b'fhéidir
dóibh,mhór,caite,in
faoin,dó,ceann,cheana
ais,gan,ansin,má
ach,thaobh,tú,aghaidh
fear,leanas,leor,bheith
baile,beidh,lucht,rud
muid,mbíonn,uile,leor
cé,siúl,beidh,óg
óg,do,thar,cliath
chuig,síos,cúpla,i
siúl,air,leo,bheadh
cad,istigh,dhaoine,thart
déanta,uisce,amuigh,fíor
cé,chéad,chuige,déanta
cé,mhór,atá,Éirinn
méid,de,raibh,léir
gceist,átha,dul,cuireadh
ceann,scoil,tú,an
bhíonn,amach,féin,teanga
ag,rud,lucht,roinnt
siad,ó,eolas,ceann
siúd,chomh,agat,cheana
le,uirthi,iarraidh,duit
cliath,den,shin,baile
an,Gaeilge,níor,teach
ón,chéile,chuige,ainm
súil,di,den,gan
méid,roinnt,inniu,tá
don,trí,deir,aon
rinne,tíre,éis,seisean
air,bhaint,ea,do
dar,saol,mó,riamh
lae,tá,chomh,lámh
mbeidh,mbaile,réir,gan
baint,idir,réir,uisce
nár,sa,fíor,orm
cinn,teanga,ea,Gaeltachta
chun,gur,di,as
oiread,agam,daoine,Gaeltachta
caint,am,mór,deireadh
bhaile,rá,am,riamh
againn,lch.,anseo,raibh
Gaeltachta,cad,cheann,leo
bean,bheith,ón,maith
leat,uí,réir,aici
fear,riamh,mhór,leor
thart,féin,eile,hÉireann
dó,Ghaeilge,chur,léi
bheadh,fháil,mbíonn,le
inniu,duit,istigh,fháil
átha,eolas,nua,á
éis,duit,hÉireann,thug
cinn,leat,arsa,caint
tú,chun,duit,cinnte
níos,rá,chuig,as
atá,baint,chaith,siúl
amach,Irish,siúl,dhuine
bhíodh,scríobh,chur,timpeall
lucht,á,chaith,ach
sásta,arsa,trí,fíor
roinnt,ais,lá,siúl
hÉireann,mór,céanna,áirithe
rith,mbeadh,shin,déanta
beag,duit,freisin,hÉireann
cheana,chuaigh,arsa,amuigh
níl,teach,chuir,faoin
lámh,idir,mórán,féidir
le,thabhairt,raibh,rith
mó,sin,céard,duine
caint,chuid,dhéanamh,lá
sna,uile,aige,bean
leithéid,réir,roimh,chomh
seisean,Ghaeilge,nua,cuid
cé,bean,shin,taobh
leo,rith,seán,í
átha,aon,léi,againn
dhiaidh,chun,saol,uirthi
mé,dé,nuair,óg
mbeadh,daoine,mac,fáil
uile,á,orthu,ab
hÉireann,istigh,lena,rinne
cén,na,thaobh,dtí
chun,sna,fáil,fear
maidir,bhíonn,roinn,mbaile
nós,aige,daoine,oiread
chuid,scoil,cad,mhaith
minic,lucht,istigh,ceann
chaith,tír,caite,mar
dá,ab,nuair,duine
léir,taobh,anseo,ba
freisin,nós,scríobh,nach
léi,ais,bhliain,seisean
más,éis,chaith,obair
ar,anois,bliana,ndiaidh
nua,dul,nós,níor
teacht,i,níl,lch.
sásta,rialtas,Irish,istigh
thart,am,taobh,dhéanamh
bheadh,cliath,léi,ná
Irish,le,sin,dó
uisce,mbeidh,mbaile,dúirt
ndiaidh,déanamh,don,dóibh
cinn,caite,aici,má
fearr,bhaint,siar,chomh
an,mar,againn,dhá
dó,istigh,cinn,obair
mo,bhaint,amuigh,anuas
atá,timpeall,dóibh,roimhe
aige,lán,mhaith,scéal
rialtas,éis,teacht,as
caite,siad,ort,féin
ais,roimhe,maith,is
suas,sin,díreach,inniu
mé,roinnt,shin,chuid
hÉireann,dó,uaidh,mbíonn
díreach,ábhar,cinnte,agam
suas,í,baile,chéad
taobh,anois,dara,déanta
uí,ainm,teacht,áit
gurb,roimh,siúl,dom
fós,mhaith,ábhar,agam
faoin,leith,chomh,rith
thug,fad,bhí,orthu
seán,teanga,sásta,aon
ag,chuir,teanga,roinnt
leor,os,den,Gaeltachta
thart,léi,más,Gaeltachta
an,fíor,riamh,scríobh
gan,minic,chuaigh,ansin
cinn,scéal,anois,thaobh
cuid,de,teacht,dhá
baint,orm,ina,fháil
ná,ár,cuireadh,fada
bhfuil,bith,dúirt,ón
oibre,bhíonn,dhuine,baile
sin,scríobh,láthair,bheidh
Gaeltachta,gan,thug,maidir
orthu,bhaint,siad,Gaeilge
bhíodh,seisean,fós,éigin
uair,seo,atá,bliain
siad,di,fíor,scoil
sásta,eolas,roimh,sin
nó,faoi,bliain,mórán
aghaidh,cúpla,féin,di
mé,dúinn,lán,b'fhéidir
le,uair,méid,thug
tí,as,ná,cúpla
de,na,os,suas
roimhe,agam,ainm,is
má,teacht,cinn,shin
cé,ó,fearr,bhfad
baile,ainm,gcónaí,seo
ach,agat,cuireadh,fearr
bhí,ach,saol,ais
dar,cén,is,sé
duit,fear,tar,mbeidh
céanna,deir,de,daoine
deir,roinnt,níor,mórán
féin,má,tú,sa
rith,ort,réir,uí
bhaile,bhíodh,bliana,bheidh
láthair,cé,dom,chuid
bhfad,dul,thug,díreach
tá,láthair,ach,cuid
fháil,gcuid,dara,ndóigh
bhfuil,minic,Éirinn,ar
in,oibre,tar,beidh
le,rud,nua,bean
uile,bhíonn,leis,deir
gceist,ndóigh,lucht,bliana
áit,leanas,timpeall,bliain
bhean,liom,an,eile
b'fhéidir,isteach,don,bharr
fiú,lán,nua,uisce
ceart,aici,istigh,dó
bheidh,dom,duine,gan
lán,léi,seisean,rud
léi,roimhe,bliain,thart
thabhairt,dhaoine,dara,uaidh
tír,chuir,sé,chur
teacht,roinn,leat,láthair
chuir,chun,rud,gcuid
bith,ábhar,é,chuid
bliain,an,anois,oiread
maith,againn,beidh,agat
chaith,siad,Gaeltachta,suas
nuair,dom,cé,ar
ort,cliath,dtí,in
sásta,raibh,le,de
níl,as,cuireadh,siad
ar,thug,rith,siúd
lucht,baint,dtí,mo
bhaile,dóibh,níos,bean
ó,lucht,ndóigh,uí
baile,thaobh,ó,rud
lae,sé,amháin,ón
baint,scríobh,measc,áit
fáil,deir,uile,eolas
chur,léi,cheart,arsa
leithéid,rinne,gan,uair
baile,roimh,cuireadh,mar
láthair,aige,anseo,bhíonn
caint,leat,bhean,rith
céanna,faoin,éis,ceann
faoin,deir,níos,arís
fháil,siúl,éis,uí
cad,duine,léir,chuid
baint,cén,cuireadh,áirithe
dul,éigin,féin,maith
tír,bliana,den,sin
ba,aon,dhá,mbeidh
caint,lámh,iad,ainm
láthair,bheidh,measc,sásta
eile,uaidh,ag,nós
léir,Éirinn,atá,alt
céanna,bhaile,déanamh,sásta
léir,le,measc,lár
feadh,cad,chuid,dom
láthair,mbíonn,seán,lena
amuigh,teanga,cad,Ghaeilge
rith,dá,fearr,leo
againn,eile,Éirinn,bhfuil
déanamh,trí,cinnte,gceist
oiread,dá,teach,thabhairt
Ghaeilge,as,dóibh,leat
maidir,bliana,láthair,níor
éis,rialtas,scoil,fada
Éirinn,eolas,réir,suas
ceart,nuair,ach,chaith
gur,b'fhéidir,chaith,linn
aghaidh,gur,dhéanamh,taobh
di,dóibh,idir,bhfad
dtí,eile,aghaidh,teanga
inniu,ach,leor,ceart
nach,os,dtí,más
leanas,síos,Gaeltachta,á
scríobh,chomh,dom,leat
fuair,mbaile,teacht,tá
le,duine,uair,sí
cheana,déanta,ea,í
anseo,agat,mbeidh,chomh
aghaidh,dó,iad,seisean
sa,ba,sin,dó
fós,leanas,cheann,éigin
níor,fada,í,tharla
ais,Éirinn,gcuid,acu
rud,níos,dar,leithéid
méid,más,uair,mo
níl,bhaile,rith,cuireadh
aon,tháinig,réir,deir
roinnt,bheith,fada,Éirinn
áirithe,Ghaeilge,den,cheann
lán,trí,siúl,sé
bliana,air,agat,am
caint,anseo,leithéid,Éirinn
déanta,amuigh,ab,muid
eile,deireadh,éigin,ainm
raibh,leo,rud,chomh
mar,ní,níos,rá
isteach,mórán,mbaile,don
rinne,maith,mo,saol
bhean,thaobh,muid,sna
siad,ea,ná,ar
fíor,chur,bhean,í
chur,Gaeilge,thug,teanga
amháin,chur,leo,bean
tháinig,láthair,thaobh,dó
méid,scríobh,á,lena
cinnte,síos,tharla,mar
suas,lch.,méid,ár
mbeadh,oibre,is,bheidh
san,mo,hÉireann,rialtas
bhíonn,oiread,eolas,ár
cheann,déanamh,céard,ach
mórán,gcónaí,daoine,siar
iarraidh,mise,chuaigh,ndiaidh
ón,cheann,bhí,sásta
tíre,sé,aige,don
beidh,minic,thar,mé
amháin,mac,bheadh,áirithe
bhí,siad,isteach,timpeall
gceist,chaith,dá,eile
againn,cheana,thabhairt,á
chur,scríobh,den,eile
feadh,anseo,shin,dhuine
siúl,thaobh,agat,ort
istigh,díreach,leithéid,ón
faoin,bliain,dúirt,fearr
lán,an,áirithe,ann
bhfuil,lámh,rud,fuair
rud,ó,tú,cuid
duine,mac,is,ó
cliath,chéile,dtí,is
teanga,atá,bheadh,le
beag,b'fhéidir,leo,siad
eolas,rud,bhaint,lch.
oibre,ábhar,uí,dúirt
lár,lch.,seo,teanga
roimh,má,mise,ag
san,síos,agat,bith
dá,rud,anois,nár
dar,nua,ann,anuas
den,againn,óg,bhliain
de,teach,dhá,mhaith
dé,san,ach,inniu
leor,cinn,mór,bhfad
ais,mbíonn,thart,dé
dé,daoine,cuireadh,deireadh
thart,déanamh,áit,anuas
gceist,tharla,bith,bhfad
mór,seisean,minic,den
tá,gurb,bhíodh,acu
cinn,ó,sí,tír
tír,tá,aghaidh,deir
cheana,eile,cur,le
dhuine,alt,bhean,méid
chéad,fuair,maith,bheidh
cúpla,agam,sí,cén
cheann,bhean,tú,chuige
orthu,uirthi,chuir,ndiaidh
an,sa,fear,fearr
mór,réir,ceann,thug
thug,deireadh,chuaigh,uisce
acu,tríd,nach,iarraidh
leis,dúinn,cad,mór
eolas,mbaile,agat,sin
siad,duit,déanta,air
bliana,nua,chun,riamh
cad,dhiaidh,deir,úsáid
riamh,mbeidh,chuaigh,gur
dara,bean,chur,láthair
rinne,ina,iad,bhain
duine,i,leanas,leat
cuireadh,muid,dara,fearr
fós,inniu,sa,bheidh
alt,bhaile,amuigh,fhios
caite,chun,ea,ceann
na,agat,scéal,mbeadh
sí,chomh,arsa,fearr
tí,caint,dtí,air
mhór,leor,saol,ann
bliain,dhaoine,nua,fearr
lámh,cuireadh,gcónaí,is
dhéanamh,bhaint,am,bhean
bhean,ná,ár,bheith
bith,oibre,úsáid,ann
níos,ndiaidh,cur,ais
lucht,mbaile,Irish,eile
méid,caint,ab,lár
uirthi,tú,tharla,chomh
ár,chun,sna,láthair
acu,bheidh,oíche,go
tí,bliana,ab,bhíodh
bhain,anseo,cheart,bheidh
istigh,baile,oiread,mbeadh
ansin,obair,bhfuil,tháinig
ann,muid,síos,mór
leor,siúd,tíre,chomh
bíonn,gceist,orthu,mórán
duit,mhaith,linn,á
áit,lucht,mbaile,fuair
idir,fháil,lámh,fíor
rialtas,roinnt,thar,agat
bliain,á,duit,nuair
taobh,hÉireann,trí,ceart
tar,fhios,chun,éis
taobh,cén,dóibh,níos
bhfuil,linn,áit,roinnt
uaidh,tar,mo,ach
mórán,mise,arsa,am
níl,ceann,iad,dá
dara,bliain,teacht,uí
air,istigh,scoil,mé
fad,bhíonn,bhean,lán
cinn,an,lena,thaobh
dé,beag,gurb,san
ní,bharr,fháil,cad
dá,go,thart,de
thug,duit,Gaeltachta,beag
dhéanamh,leithéid,nó,agat
rá,mé,chomh,dhiaidh
maith,na,arís,ón
leithéid,nua,lena,baint
gurb,féin,réir,eolas
dé,bhaint,Gaeilge,dom
uair,amuigh,ab,ansin
ainm,agam,Gaeltachta,mé
uile,cuid,cad,tháinig
tá,leanas,riamh,réir
anuas,leor,daoine,leith
gceist,níor,sé,chuid
is,chuir,dá,obair
mac,bhíodh,faoi,teanga
istigh,ainm,arsa,ab
mo,b'fhéidir,istigh,cheana
mbíonn,gan,di,faoin
fíor,mar,dé,dóibh
is,daoine,mé,tír
gceist,teach,céard,éis
lch.,óg,maith,oibre
nár,áirithe,bhaile,in
seisean,le,gurb,ón
fáil,lá,mhór,aici
dhá,beag,á,cheann
istigh,teanga,úsáid,cinn
roinn,sé,rialtas,maith
thart,chuige,daoine,suas
muid,ár,rinne,Ghaeilge
seán,faoin,dóibh,éigin
baint,ort,chuaigh,fós
mbeidh,is,leanas,fiú
ansin,siúd,taobh,san
uí,cén,teanga,roimh
cén,tá,ár,bhliain
dúirt,teacht,feadh,uile
rá,oiread,is,gcónaí
isteach,bheidh,thaobh,orm
ba,mór,anois,lena
ár,mise,beidh,cén
rá,dúinn,arsa,Irish
fiú,shin,mise,orm
mbeidh,roinnt,obair,gceist
bhean,nós,acu,ea
mbeadh,ais,óg,bhfuil
tú,dhéanamh,obair,caint
ort,arís,más,ab
deireadh,díreach,amháin,raibh
dá,bith,dhéanamh,suas
ba,teach,leat,leithéid
fuair,níor,réir,roinnt
roimhe,láthair,lena,tríd
is,bean,liom,anseo
ansin,chun,cheart,léir
ab,bean,muid,cuid
dhiaidh,siad,ndóigh,fíor
duit,dóibh,áit,leis
chaith,cheart,ní,shin
tháinig,ainm,leanas,muid
uisce,mac,oíche,níos
don,arsa,acu,caite
is,í,leat,mórán
súil,tríd,chuid,beidh
fáil,shin,fíor,leor
ea,céanna,Irish,de
tá,chur,minic,fáil
lámh,faoi,ábhar,le
éigin,don,baint,linn
síos,cé,bhfuil,éigin
raibh,seisean,am,réir
fháil,duit,bean,mórán
cuid,roimhe,mbeidh,maith
fearr,ainm,bith,agat
thabhairt,sin,raibh,ndóigh
bhean,iarraidh,eolas,láthair
fhios,léi,lucht,cén
bhaile,dóibh,thart,lch.
orthu,ba,mbíonn,cheana
go,faoi,na,teanga
chuid,eolas,nó,dó
siúd,fíor,tháinig,mbíonn
ar,réir,Gaeltachta,deir
fós,bliana,éis,dhéanamh
Ghaeilge,aon,taobh,teanga
deir,tharla,deireadh,scoil
cur,ab,cliath,thar
tá,uisce,rá,bharr
sin,cad,scríobh,ná
éigin,féidir,ná,i
chuaigh,mo,á,chuir
díreach,dóibh,fós,bhíodh
an,mbíonn,fada,leabhar
nach,áirithe,ag,rud
roinnt,di,ó,bhí
siad,Irish,alt,mbeadh
uirthi,mé,linn,cinn
méid,thug,nuair,ceart
shin,teacht,cén,thart
maith,sásta,fada,ceann
gcónaí,dom,na,ceann
cliath,iarraidh,ó,níl
tar,cuireadh,timpeall,seisean
iad,ainm,anseo,bhíonn
lch.,dúirt,teanga,ais
ansin,caite,Gaeltachta,roinnt
taobh,rud,bith,leis
chéile,leabhar,leo,nós
b'fhéidir,nuair,gur,chuig
thabhairt,céanna,tharla,de
le,gcónaí,orthu,anois
rith,eile,nua,oibre
scéal,leanas,di,fad
teanga,atá,leanas,roinn
leanas,in,cé,éis
ort,acu,orthu,chuig
mbeidh,maith,chuir,fháil
bhíodh,sna,síos,os
bhliain,roinn,cheart,bliain
ár,rialtas,bhliain,óg
amháin,leanas,as,sin
orm,fíor,dúirt,é
anois,aige,éis,anseo
fhios,san,dtí,dhuine
dóibh,maidir,beag,alt
arsa,fós,mé,dé
ann,gach,de,bean
óg,aige,bhí,leo
iad,más,am,fad
faoin,in,céanna,ag
lae,cuid,arís,deir
bhíodh,amháin,súil,níor
na,acu,fós,nár
ba,arsa,leabhar,di
lae,cé,cinn,bhain
dul,siar,bhaint,fíor
bhíonn,thabhairt,nua,Gaeilge
sna,í,teach,bhíonn
dhuine,mórán,ansin,ó
fuair,ndóigh,sí,iad
beag,mac,thug,cinn
arís,iad,mise,amuigh
dóibh,gan,dúinn,léir
láthair,níos,leis,chuig
fuair,céard,tí,ag
obair,fós,chaith,cheann
chaith,orm,chomh,liom
lán,seán,dóibh,beidh
gcónaí,fada,ea,sí
ina,faoi,bhliain,céanna
bhí,bhfuil,isteach,á
cé,bliain,leor,dá
ndiaidh,ag,cheana,mbíonn
minic,measc,dom,in
Éirinn,roinn,rinne,agam
siúd,maith,anseo,cuid
roinnt,chun,ár,san
mbaile,chuir,á,faoi
dúinn,an,beidh,ea
leo,uair,dom,ansin
sna,orthu,don,mór
ó,fuair,fearr,mbíonn
ais,sásta,roinn,sin
duit,thug,istigh,amach
éis,iarraidh,féin,ó
níor,fós,uisce,Ghaeilge
idir,i,as,mé
tír,éis,bhliain,aici
fáil,bhíodh,ó,láthair
seisean,mbaile,maith,aghaidh
gan,ach,é,tríd
dtí,céard,minic,é
óg,bharr,rinne,dé
an,cé,lena,de
taobh,oiread,sí,scéal
lá,rialtas,caint,tá
gceist,fháil,chéile,sna
timpeall,dhaoine,mar,ní
éigin,isteach,atá,nua
leat,gan,cé,tí
agam,ina,dhá,uile
sásta,cé,thart,atá
Gaeilge,áirithe,arís,lena
scoil,beidh,ort,bhean
taobh,amuigh,roinnt,ní
á,bean,gur,dar
caite,iad,bean,inniu
chéad,ceart,sé,ceann
amháin,fad,san,teacht
bith,agus,rud,dúirt
gurb,rialtas,fada,fáil
thug,teach,áirithe,maith
atá,bhain,déanamh,dhuine
obair,arís,féin,bharr
lena,cad,faoin,anuas
faoin,agam,cur,gceist
seisean,roimh,bhaile,bhíonn
sin,lá,bheidh,dúirt
ndóigh,di,sa,dá
fuair,agam,mó,rith
dar,freisin,aici,arís
atá,éis,fhios,roimh
ag,anois,gurb,seisean
ceart,an,mhór,taobh
féidir,ar,éigin,taobh
mó,nach,bith,scríobh
ár,riamh,seisean,seo
díreach,orthu,seán,inniu
ann,scéal,fós,ba
féin,cúpla,teach,á
inniu,in,féin,agam
linn,thabhairt,léi,cuid
le,eile,chur,leanas
leat,mé,céanna,ort
déanta,ní,dúinn,chéile
dom,uile,amháin,ndóigh
thaobh,caint,cad,saol
chaith,ón,dhaoine,caint
dara,maith,mhór,ón
in,dúirt,trí,riamh
dul,gur,nua,fíor
oibre,tí,tháinig,mise
tír,cheart,bhfuil,ábhar
ach,chun,rud,lár
istigh,amuigh,ndiaidh,léir
linn,b'fhéidir,freisin,shin
tharla,raibh,dó,inniu
inniu,bheadh,lucht,sna
fearr,nua,ort,rá
cheann,áit,dar,méid
mórán,Gaeltachta,uaidh,san
nuair,hÉireann,an,siad
Gaeltachta,nós,sé,céard
chuig,amuigh,fuair,agam
faoin,mbeidh,uile,dhaoine
atá,rud,bheadh,níl
air,siar,isteach,cur
arís,dar,lch.,mac
roimh,déanamh,nó,alt
í,orm,beag,seisean
ina,ach,fearr,as
tí,bíonn,Gaeltachta,thug
cheana,bhíonn,uile,ceart
teacht,siar,cinn,seo
ó,bhean,oibre,caint
don,láthair,seán,dar
anseo,cuid,bhean,díreach
thart,baile,leo,is
thug,chéile,bean,caint
ndóigh,díreach,sin,rialtas
bliana,cinn,tháinig,di
taobh,fada,os,síos
dar,chaith,sásta,chuaigh
úsáid,ais,bíonn,sí
orm,siúl,tá,dhaoine
dé,cinn,chuig,ansin
dhéanamh,timpeall,cuid,agam
dó,rud,díreach,chuig
aghaidh,súil,maidir,Ghaeilge
bhfuil,bheidh,cinnte,suas
leat,chun,dtí,ort
féidir,cuireadh,ní,atá
á,leat,amach,bheidh
dhiaidh,ceann,gurb,cheart
chomh,óg,dúirt,rá
dtí,aon,san,bharr
sé,níos,féin,baile
cuireadh,scoil,fhios,chun
á,tír,scríobh,mbeidh
caint,freisin,fháil,amháin
fear,nó,áirithe,lena
bhean,lár,maith,á
feadh,dóibh,fháil,dom
uí,leis,mórán,linn
dé,déanta,measc,díreach
má,ní,céanna,siúl
féidir,roimhe,am,Gaeltachta
ort,rá,lae,níl
mbeidh,éis,dhaoine,níl
liom,tar,uile,óg
rinne,eile,leabhar,chuige
faoi,nach,cé,óg
duit,átha,trí,chur
déanamh,oiread,tí,seo
oiread,orm,istigh,maidir
fearr,éis,síos,anuas
aici,déanta,den,faoin
nua,chéad,mise,bhfad
thabhairt,san,chun,chuaigh
cheann,gcuid,os,lár
uí,is,baint,sí
acu,dóibh,teanga,liom
ina,dúinn,fíor,chéile
leith,caint,gceist,mbaile
bhfad,anois,níor,in
mór,nuair,siúl,cheana
uí,seo,oiread,uile
deireadh,faoi,maith,atá
idir,eile,réir,ais
idir,sásta,mo,obair
thar,anois,amháin,cinnte
tríd,réir,ort,dá
nár,leo,mhaith,tíre
trí,san,cén,ann
féidir,acu,dhéanamh,teacht
don,uí,níl,scéal
féin,fiú,bhaile,beidh
chomh,i,isteach,iad
amuigh,orthu,mhaith,tharla
bean,bliana,raibh,chaith
nó,iarraidh,bean,gcuid
ndóigh,mé,amach,alt
chaith,áirithe,tíre,na
lán,anois,amach,leo
isteach,suas,bheidh,teanga
beag,ba,ón,chéad
tháinig,baile,thart,againn
tír,mo,orthu,mac
bliana,cén,atá,dá
bhliain,tá,ag,nuair
feadh,tar,go,ab
idir,chuaigh,déanta,gceist
orm,istigh,ní,cinn
ceann,go,díreach,bhliain
na,ach,go,fháil
réir,átha,dtí,agat
cé,am,le,bhí
trí,chuig,leabhar,déanamh
rinne,leanas,cad,sé
arsa,ba,ón,fíor
freisin,áirithe,inniu,leor
tí,í,cheana,ó
dúinn,gach,bhaile,mó
anuas,teacht,chur,aghaidh
chuid,cuireadh,uirthi,thabhairt
cén,sa,faoi,bhean
i,é,ceann,chéile
na,bhfuil,súil,fós
chéad,leat,ceart,chun
Gaeltachta,air,ansin,le
nár,fearr,léi,atá
Ghaeilge,le,ina,nuair
Irish,scríobh,chuir,mhaith
fuair,anois,thabhairt,mó
tharla,chuaigh,am,tá
don,níl,tú,air
oíche,dhéanamh,roimhe,mise
de,caite,í,chur
faoin,leor,mhór,chuir
mar,alt,cuireadh,dhéanamh
inniu,siúd,scríobh,ansin
ansin,shin,ceart,riamh
ach,súil,tír,léir
gcónaí,thaobh,roimhe,beidh
lá,bheadh,dá,hÉireann
cuireadh,b'fhéidir,fiú,nár
tháinig,cinnte,i,as
níor,tí,duine,fáil
na,tí,obair,saol
bíonn,obair,tí,Gaeltachta
air,uisce,dhuine,dó
lámh,seán,mbíonn,feadh
tí,dom,ar,lucht
deir,díreach,cé,éigin
mbeidh,bhaint,dhaoine,oíche
seo,leat,timpeall,bhain
fada,tharla,roimh,linn
uile,do,bheidh,aici
gceist,raibh,rá,chéad
eile,ainm,cén,idir
anseo,léi,leanas,mise
ceart,scoil,cheart,gach
taobh,anseo,uaidh,ceart
in,gcuid,ach,deir
rinne,fháil,chuige,seán
fíor,ach,agus,fháil
shin,go,bhíodh,thar
deir,bhíodh,arsa,b'fhéidir
nár,cinnte,rialtas,lena
chéile,aghaidh,réir,leor
cad,ea,sa,scoil
dó,gach,mbíonn,éis
chéad,bheadh,síos,lena
fear,áit,tháinig,bíonn
Gaeilge,ina,don,linn
bheith,lena,léir,cad
cheart,leanas,gurb,chomh
amuigh,bhfad,níl,chomh
nár,duine,tú,uile
timpeall,riamh,seán,céard
acu,chuige,ab,dtí
scéal,bhfuil,anseo,ag
duine,teacht,mar,bhfuil
fhios,tharla,léi,isteach
amuigh,bhain,dar,scríobh
ab,éis,sásta,bheadh
léi,oibre,ndóigh,os
leat,déanta,os,méid
anuas,de,thug,oíche
cuireadh,lena,tá,teanga
duine,í,orm,dom
éis,sí,tí,ár
nuair,mbeidh,mbíonn,uí
tá,bhaint,dul,bhain
teanga,fear,lae,roimhe
éis,bhean,bean,chuaigh
lena,cliath,bhaint,againn
chun,mbeidh,arsa,chéad
maith,muid,ar,cúpla
nár,mar,freisin,anseo
idir,freisin,léir,nach
cuid,dhéanamh,sin,istigh
láthair,arís,bhíodh,de
chéile,ar,féin,am
cinnte,tá,de,scoil
oibre,na,alt,ina
anuas,baint,mbeadh,faoi
Gaeilge,tháinig,orm,fuair
chuaigh,obair,rá,ina
dá,mo,inniu,oíche
orthu,as,nuair,chuaigh
mórán,san,nó,fós
siúd,gcuid,siad,Gaeltachta
sásta,cuireadh,leor,chuaigh
tír,maith,céanna,cuireadh
faoin,ea,nach,chuige
timpeall,di,an,thug
den,roimh,ina,roimhe
an,ansin,láthair,seo
seo,lae,chaith,deir
is,beag,scéal,bliana
nua,amuigh,é,gach
beidh,dhaoine,alt,uair
dul,mac,den,ag
leanas,di,má,ár
gach,cúpla,siar,oíche
Éirinn,measc,lch.,leanas
am,ní,dom,céard
amuigh,leis,dhá,mar
tíre,baile,dé,seisean
maidir,ba,gan,siúl
daoine,ceann,cé,di
linn,níor,ceann,fearr
thart,caint,leat,arís
más,é,minic,bean
alt,tar,lena,minic
Gaeilge,cheana,muid,uaidh
lámh,tríd,ais,déanta
á,cinnte,tí,chun
leo,eolas,fuair,caite
siar,as,lucht,ea
nós,nó,cinnte,ansin
níos,sásta,léir,deireadh
á,roinn,fíor,níl
gurb,láthair,raibh,feadh
scríobh,dhuine,seo,agat
siúd,ansin,rinne,aghaidh
caint,aon,bhíonn,gurb
leabhar,gach,ina,dhá
Éirinn,bhaile,Ghaeilge,méid
Irish,baint,beidh,ní
go,cúpla,caite,gceist
cur,sásta,í,ceart
léi,air,fhios,déanamh
dar,cheana,baile,roimhe
fearr,raibh,éis,chun
as,fós,cén,faoi
bliain,lch.,arsa,fháil
fíor,Ghaeilge,gur,bhfuil
inniu,fearr,áirithe,dúinn
tí,beidh,féidir,chuig
do,lár,bhain,ná
cén,scoil,úsáid,ó
mórán,den,í,teacht
bhaile,cuireadh,mór,raibh
é,mise,ea,hÉireann
oiread,chaith,mé,cuireadh
alt,dhuine,níos,lucht
gan,baint,obair,b'fhéidir
uí,mhaith,lámh,ansin
díreach,sna,nach,amuigh
freisin,uisce,ón,uirthi
an,tharla,bheidh,amuigh
ann,ort,isteach,nó
amháin,tíre,anuas,go
san,tí,roimhe,thabhairt
lár,áit,mbeadh,chuid
ceart,rinne,leor,thug
fear,sa,tríd,go
gan,go,féin,lena
ann,ó,cheana,dom
súil,mbaile,dul,faoi
dar,faoi,tú,nár
mbeadh,feadh,oiread,scoil
eolas,ar,sásta,ina
gur,céard,ea,agus
tháinig,fad,bharr,againn
san,ceart,di,átha
orthu,rud,áirithe,dá
deireadh,chéad,orthu,á
cuid,bhíonn,duine,fear
anuas,dúirt,mó,oíche
go,ach,leabhar,fháil
díreach,don,áirithe,fad
céanna,dom,Gaeilge,rá
fós,dhéanamh,dar,saol
anois,oíche,ceann,teacht
óg,i,bhaile,féin
lán,atá,dé,chéad
thug,más,seán,é
maidir,ais,cad,sin
fada,óg,anois,ndiaidh
arís,dhaoine,tar,caite
baint,gan,agus,súil
